date,year,quarter,quarter_label,month_num,month_name,month_short,year_month,day_of_week,day_name,day_of_month,week_of_year,is_weekend,fiscal_year
2010-12-29,2010,4,Q4,12,December,Dec,2010-12,2,Wednesday,29,52,False,2011
2010-12-30,2010,4,Q4,12,December,Dec,2010-12,3,Thursday,30,52,False,2011
2010-12-31,2010,4,Q4,12,December,Dec,2010-12,4,Friday,31,52,False,2011
2011-01-01,2011,1,Q1,1,January,Jan,2011-01,5,Saturday,1,52,True,2011
2011-01-02,2011,1,Q1,1,January,Jan,2011-01,6,Sunday,2,52,True,2011
2011-01-03,2011,1,Q1,1,January,Jan,2011-01,0,Monday,3,1,False,2011
2011-01-04,2011,1,Q1,1,January,Jan,2011-01,1,Tuesday,4,1,False,2011
2011-01-05,2011,1,Q1,1,January,Jan,2011-01,2,Wednesday,5,1,False,2011
2011-01-06,2011,1,Q1,1,January,Jan,2011-01,3,Thursday,6,1,False,2011
2011-01-07,2011,1,Q1,1,January,Jan,2011-01,4,Friday,7,1,False,2011
2011-01-08,2011,1,Q1,1,January,Jan,2011-01,5,Saturday,8,1,True,2011
2011-01-09,2011,1,Q1,1,January,Jan,2011-01,6,Sunday,9,1,True,2011
2011-01-10,2011,1,Q1,1,January,Jan,2011-01,0,Monday,10,2,False,2011
2011-01-11,2011,1,Q1,1,January,Jan,2011-01,1,Tuesday,11,2,False,2011
2011-01-12,2011,1,Q1,1,January,Jan,2011-01,2,Wednesday,12,2,False,2011
2011-01-13,2011,1,Q1,1,January,Jan,2011-01,3,Thursday,13,2,False,2011
2011-01-14,2011,1,Q1,1,January,Jan,2011-01,4,Friday,14,2,False,2011
2011-01-15,2011,1,Q1,1,January,Jan,2011-01,5,Saturday,15,2,True,2011
2011-01-16,2011,1,Q1,1,January,Jan,2011-01,6,Sunday,16,2,True,2011
2011-01-17,2011,1,Q1,1,January,Jan,2011-01,0,Monday,17,3,False,2011
2011-01-18,2011,1,Q1,1,January,Jan,2011-01,1,Tuesday,18,3,False,2011
2011-01-19,2011,1,Q1,1,January,Jan,2011-01,2,Wednesday,19,3,False,2011
2011-01-20,2011,1,Q1,1,January,Jan,2011-01,3,Thursday,20,3,False,2011
2011-01-21,2011,1,Q1,1,January,Jan,2011-01,4,Friday,21,3,False,2011
2011-01-22,2011,1,Q1,1,January,Jan,2011-01,5,Saturday,22,3,True,2011
2011-01-23,2011,1,Q1,1,January,Jan,2011-01,6,Sunday,23,3,True,2011
2011-01-24,2011,1,Q1,1,January,Jan,2011-01,0,Monday,24,4,False,2011
2011-01-25,2011,1,Q1,1,January,Jan,2011-01,1,Tuesday,25,4,False,2011
2011-01-26,2011,1,Q1,1,January,Jan,2011-01,2,Wednesday,26,4,False,2011
2011-01-27,2011,1,Q1,1,January,Jan,2011-01,3,Thursday,27,4,False,2011
2011-01-28,2011,1,Q1,1,January,Jan,2011-01,4,Friday,28,4,False,2011
2011-01-29,2011,1,Q1,1,January,Jan,2011-01,5,Saturday,29,4,True,2011
2011-01-30,2011,1,Q1,1,January,Jan,2011-01,6,Sunday,30,4,True,2011
2011-01-31,2011,1,Q1,1,January,Jan,2011-01,0,Monday,31,5,False,2011
2011-02-01,2011,1,Q1,2,February,Feb,2011-02,1,Tuesday,1,5,False,2011
2011-02-02,2011,1,Q1,2,February,Feb,2011-02,2,Wednesday,2,5,False,2011
2011-02-03,2011,1,Q1,2,February,Feb,2011-02,3,Thursday,3,5,False,2011
2011-02-04,2011,1,Q1,2,February,Feb,2011-02,4,Friday,4,5,False,2011
2011-02-05,2011,1,Q1,2,February,Feb,2011-02,5,Saturday,5,5,True,2011
2011-02-06,2011,1,Q1,2,February,Feb,2011-02,6,Sunday,6,5,True,2011
2011-02-07,2011,1,Q1,2,February,Feb,2011-02,0,Monday,7,6,False,2011
2011-02-08,2011,1,Q1,2,February,Feb,2011-02,1,Tuesday,8,6,False,2011
2011-02-09,2011,1,Q1,2,February,Feb,2011-02,2,Wednesday,9,6,False,2011
2011-02-10,2011,1,Q1,2,February,Feb,2011-02,3,Thursday,10,6,False,2011
2011-02-11,2011,1,Q1,2,February,Feb,2011-02,4,Friday,11,6,False,2011
2011-02-12,2011,1,Q1,2,February,Feb,2011-02,5,Saturday,12,6,True,2011
2011-02-13,2011,1,Q1,2,February,Feb,2011-02,6,Sunday,13,6,True,2011
2011-02-14,2011,1,Q1,2,February,Feb,2011-02,0,Monday,14,7,False,2011
2011-02-15,2011,1,Q1,2,February,Feb,2011-02,1,Tuesday,15,7,False,2011
2011-02-16,2011,1,Q1,2,February,Feb,2011-02,2,Wednesday,16,7,False,2011
2011-02-17,2011,1,Q1,2,February,Feb,2011-02,3,Thursday,17,7,False,2011
2011-02-18,2011,1,Q1,2,February,Feb,2011-02,4,Friday,18,7,False,2011
2011-02-19,2011,1,Q1,2,February,Feb,2011-02,5,Saturday,19,7,True,2011
2011-02-20,2011,1,Q1,2,February,Feb,2011-02,6,Sunday,20,7,True,2011
2011-02-21,2011,1,Q1,2,February,Feb,2011-02,0,Monday,21,8,False,2011
2011-02-22,2011,1,Q1,2,February,Feb,2011-02,1,Tuesday,22,8,False,2011
2011-02-23,2011,1,Q1,2,February,Feb,2011-02,2,Wednesday,23,8,False,2011
2011-02-24,2011,1,Q1,2,February,Feb,2011-02,3,Thursday,24,8,False,2011
2011-02-25,2011,1,Q1,2,February,Feb,2011-02,4,Friday,25,8,False,2011
2011-02-26,2011,1,Q1,2,February,Feb,2011-02,5,Saturday,26,8,True,2011
2011-02-27,2011,1,Q1,2,February,Feb,2011-02,6,Sunday,27,8,True,2011
2011-02-28,2011,1,Q1,2,February,Feb,2011-02,0,Monday,28,9,False,2011
2011-03-01,2011,1,Q1,3,March,Mar,2011-03,1,Tuesday,1,9,False,2011
2011-03-02,2011,1,Q1,3,March,Mar,2011-03,2,Wednesday,2,9,False,2011
2011-03-03,2011,1,Q1,3,March,Mar,2011-03,3,Thursday,3,9,False,2011
2011-03-04,2011,1,Q1,3,March,Mar,2011-03,4,Friday,4,9,False,2011
2011-03-05,2011,1,Q1,3,March,Mar,2011-03,5,Saturday,5,9,True,2011
2011-03-06,2011,1,Q1,3,March,Mar,2011-03,6,Sunday,6,9,True,2011
2011-03-07,2011,1,Q1,3,March,Mar,2011-03,0,Monday,7,10,False,2011
2011-03-08,2011,1,Q1,3,March,Mar,2011-03,1,Tuesday,8,10,False,2011
2011-03-09,2011,1,Q1,3,March,Mar,2011-03,2,Wednesday,9,10,False,2011
2011-03-10,2011,1,Q1,3,March,Mar,2011-03,3,Thursday,10,10,False,2011
2011-03-11,2011,1,Q1,3,March,Mar,2011-03,4,Friday,11,10,False,2011
2011-03-12,2011,1,Q1,3,March,Mar,2011-03,5,Saturday,12,10,True,2011
2011-03-13,2011,1,Q1,3,March,Mar,2011-03,6,Sunday,13,10,True,2011
2011-03-14,2011,1,Q1,3,March,Mar,2011-03,0,Monday,14,11,False,2011
2011-03-15,2011,1,Q1,3,March,Mar,2011-03,1,Tuesday,15,11,False,2011
2011-03-16,2011,1,Q1,3,March,Mar,2011-03,2,Wednesday,16,11,False,2011
2011-03-17,2011,1,Q1,3,March,Mar,2011-03,3,Thursday,17,11,False,2011
2011-03-18,2011,1,Q1,3,March,Mar,2011-03,4,Friday,18,11,False,2011
2011-03-19,2011,1,Q1,3,March,Mar,2011-03,5,Saturday,19,11,True,2011
2011-03-20,2011,1,Q1,3,March,Mar,2011-03,6,Sunday,20,11,True,2011
2011-03-21,2011,1,Q1,3,March,Mar,2011-03,0,Monday,21,12,False,2011
2011-03-22,2011,1,Q1,3,March,Mar,2011-03,1,Tuesday,22,12,False,2011
2011-03-23,2011,1,Q1,3,March,Mar,2011-03,2,Wednesday,23,12,False,2011
2011-03-24,2011,1,Q1,3,March,Mar,2011-03,3,Thursday,24,12,False,2011
2011-03-25,2011,1,Q1,3,March,Mar,2011-03,4,Friday,25,12,False,2011
2011-03-26,2011,1,Q1,3,March,Mar,2011-03,5,Saturday,26,12,True,2011
2011-03-27,2011,1,Q1,3,March,Mar,2011-03,6,Sunday,27,12,True,2011
2011-03-28,2011,1,Q1,3,March,Mar,2011-03,0,Monday,28,13,False,2011
2011-03-29,2011,1,Q1,3,March,Mar,2011-03,1,Tuesday,29,13,False,2011
2011-03-30,2011,1,Q1,3,March,Mar,2011-03,2,Wednesday,30,13,False,2011
2011-03-31,2011,1,Q1,3,March,Mar,2011-03,3,Thursday,31,13,False,2011
2011-04-01,2011,2,Q2,4,April,Apr,2011-04,4,Friday,1,13,False,2011
2011-04-02,2011,2,Q2,4,April,Apr,2011-04,5,Saturday,2,13,True,2011
2011-04-03,2011,2,Q2,4,April,Apr,2011-04,6,Sunday,3,13,True,2011
2011-04-04,2011,2,Q2,4,April,Apr,2011-04,0,Monday,4,14,False,2011
2011-04-05,2011,2,Q2,4,April,Apr,2011-04,1,Tuesday,5,14,False,2011
2011-04-06,2011,2,Q2,4,April,Apr,2011-04,2,Wednesday,6,14,False,2011
2011-04-07,2011,2,Q2,4,April,Apr,2011-04,3,Thursday,7,14,False,2011
2011-04-08,2011,2,Q2,4,April,Apr,2011-04,4,Friday,8,14,False,2011
2011-04-09,2011,2,Q2,4,April,Apr,2011-04,5,Saturday,9,14,True,2011
2011-04-10,2011,2,Q2,4,April,Apr,2011-04,6,Sunday,10,14,True,2011
2011-04-11,2011,2,Q2,4,April,Apr,2011-04,0,Monday,11,15,False,2011
2011-04-12,2011,2,Q2,4,April,Apr,2011-04,1,Tuesday,12,15,False,2011
2011-04-13,2011,2,Q2,4,April,Apr,2011-04,2,Wednesday,13,15,False,2011
2011-04-14,2011,2,Q2,4,April,Apr,2011-04,3,Thursday,14,15,False,2011
2011-04-15,2011,2,Q2,4,April,Apr,2011-04,4,Friday,15,15,False,2011
2011-04-16,2011,2,Q2,4,April,Apr,2011-04,5,Saturday,16,15,True,2011
2011-04-17,2011,2,Q2,4,April,Apr,2011-04,6,Sunday,17,15,True,2011
2011-04-18,2011,2,Q2,4,April,Apr,2011-04,0,Monday,18,16,False,2011
2011-04-19,2011,2,Q2,4,April,Apr,2011-04,1,Tuesday,19,16,False,2011
2011-04-20,2011,2,Q2,4,April,Apr,2011-04,2,Wednesday,20,16,False,2011
2011-04-21,2011,2,Q2,4,April,Apr,2011-04,3,Thursday,21,16,False,2011
2011-04-22,2011,2,Q2,4,April,Apr,2011-04,4,Friday,22,16,False,2011
2011-04-23,2011,2,Q2,4,April,Apr,2011-04,5,Saturday,23,16,True,2011
2011-04-24,2011,2,Q2,4,April,Apr,2011-04,6,Sunday,24,16,True,2011
2011-04-25,2011,2,Q2,4,April,Apr,2011-04,0,Monday,25,17,False,2011
2011-04-26,2011,2,Q2,4,April,Apr,2011-04,1,Tuesday,26,17,False,2011
2011-04-27,2011,2,Q2,4,April,Apr,2011-04,2,Wednesday,27,17,False,2011
2011-04-28,2011,2,Q2,4,April,Apr,2011-04,3,Thursday,28,17,False,2011
2011-04-29,2011,2,Q2,4,April,Apr,2011-04,4,Friday,29,17,False,2011
2011-04-30,2011,2,Q2,4,April,Apr,2011-04,5,Saturday,30,17,True,2011
2011-05-01,2011,2,Q2,5,May,May,2011-05,6,Sunday,1,17,True,2011
2011-05-02,2011,2,Q2,5,May,May,2011-05,0,Monday,2,18,False,2011
2011-05-03,2011,2,Q2,5,May,May,2011-05,1,Tuesday,3,18,False,2011
2011-05-04,2011,2,Q2,5,May,May,2011-05,2,Wednesday,4,18,False,2011
2011-05-05,2011,2,Q2,5,May,May,2011-05,3,Thursday,5,18,False,2011
2011-05-06,2011,2,Q2,5,May,May,2011-05,4,Friday,6,18,False,2011
2011-05-07,2011,2,Q2,5,May,May,2011-05,5,Saturday,7,18,True,2011
2011-05-08,2011,2,Q2,5,May,May,2011-05,6,Sunday,8,18,True,2011
2011-05-09,2011,2,Q2,5,May,May,2011-05,0,Monday,9,19,False,2011
2011-05-10,2011,2,Q2,5,May,May,2011-05,1,Tuesday,10,19,False,2011
2011-05-11,2011,2,Q2,5,May,May,2011-05,2,Wednesday,11,19,False,2011
2011-05-12,2011,2,Q2,5,May,May,2011-05,3,Thursday,12,19,False,2011
2011-05-13,2011,2,Q2,5,May,May,2011-05,4,Friday,13,19,False,2011
2011-05-14,2011,2,Q2,5,May,May,2011-05,5,Saturday,14,19,True,2011
2011-05-15,2011,2,Q2,5,May,May,2011-05,6,Sunday,15,19,True,2011
2011-05-16,2011,2,Q2,5,May,May,2011-05,0,Monday,16,20,False,2011
2011-05-17,2011,2,Q2,5,May,May,2011-05,1,Tuesday,17,20,False,2011
2011-05-18,2011,2,Q2,5,May,May,2011-05,2,Wednesday,18,20,False,2011
2011-05-19,2011,2,Q2,5,May,May,2011-05,3,Thursday,19,20,False,2011
2011-05-20,2011,2,Q2,5,May,May,2011-05,4,Friday,20,20,False,2011
2011-05-21,2011,2,Q2,5,May,May,2011-05,5,Saturday,21,20,True,2011
2011-05-22,2011,2,Q2,5,May,May,2011-05,6,Sunday,22,20,True,2011
2011-05-23,2011,2,Q2,5,May,May,2011-05,0,Monday,23,21,False,2011
2011-05-24,2011,2,Q2,5,May,May,2011-05,1,Tuesday,24,21,False,2011
2011-05-25,2011,2,Q2,5,May,May,2011-05,2,Wednesday,25,21,False,2011
2011-05-26,2011,2,Q2,5,May,May,2011-05,3,Thursday,26,21,False,2011
2011-05-27,2011,2,Q2,5,May,May,2011-05,4,Friday,27,21,False,2011
2011-05-28,2011,2,Q2,5,May,May,2011-05,5,Saturday,28,21,True,2011
2011-05-29,2011,2,Q2,5,May,May,2011-05,6,Sunday,29,21,True,2011
2011-05-30,2011,2,Q2,5,May,May,2011-05,0,Monday,30,22,False,2011
2011-05-31,2011,2,Q2,5,May,May,2011-05,1,Tuesday,31,22,False,2011
2011-06-01,2011,2,Q2,6,June,Jun,2011-06,2,Wednesday,1,22,False,2011
2011-06-02,2011,2,Q2,6,June,Jun,2011-06,3,Thursday,2,22,False,2011
2011-06-03,2011,2,Q2,6,June,Jun,2011-06,4,Friday,3,22,False,2011
2011-06-04,2011,2,Q2,6,June,Jun,2011-06,5,Saturday,4,22,True,2011
2011-06-05,2011,2,Q2,6,June,Jun,2011-06,6,Sunday,5,22,True,2011
2011-06-06,2011,2,Q2,6,June,Jun,2011-06,0,Monday,6,23,False,2011
2011-06-07,2011,2,Q2,6,June,Jun,2011-06,1,Tuesday,7,23,False,2011
2011-06-08,2011,2,Q2,6,June,Jun,2011-06,2,Wednesday,8,23,False,2011
2011-06-09,2011,2,Q2,6,June,Jun,2011-06,3,Thursday,9,23,False,2011
2011-06-10,2011,2,Q2,6,June,Jun,2011-06,4,Friday,10,23,False,2011
2011-06-11,2011,2,Q2,6,June,Jun,2011-06,5,Saturday,11,23,True,2011
2011-06-12,2011,2,Q2,6,June,Jun,2011-06,6,Sunday,12,23,True,2011
2011-06-13,2011,2,Q2,6,June,Jun,2011-06,0,Monday,13,24,False,2011
2011-06-14,2011,2,Q2,6,June,Jun,2011-06,1,Tuesday,14,24,False,2011
2011-06-15,2011,2,Q2,6,June,Jun,2011-06,2,Wednesday,15,24,False,2011
2011-06-16,2011,2,Q2,6,June,Jun,2011-06,3,Thursday,16,24,False,2011
2011-06-17,2011,2,Q2,6,June,Jun,2011-06,4,Friday,17,24,False,2011
2011-06-18,2011,2,Q2,6,June,Jun,2011-06,5,Saturday,18,24,True,2011
2011-06-19,2011,2,Q2,6,June,Jun,2011-06,6,Sunday,19,24,True,2011
2011-06-20,2011,2,Q2,6,June,Jun,2011-06,0,Monday,20,25,False,2011
2011-06-21,2011,2,Q2,6,June,Jun,2011-06,1,Tuesday,21,25,False,2011
2011-06-22,2011,2,Q2,6,June,Jun,2011-06,2,Wednesday,22,25,False,2011
2011-06-23,2011,2,Q2,6,June,Jun,2011-06,3,Thursday,23,25,False,2011
2011-06-24,2011,2,Q2,6,June,Jun,2011-06,4,Friday,24,25,False,2011
2011-06-25,2011,2,Q2,6,June,Jun,2011-06,5,Saturday,25,25,True,2011
2011-06-26,2011,2,Q2,6,June,Jun,2011-06,6,Sunday,26,25,True,2011
2011-06-27,2011,2,Q2,6,June,Jun,2011-06,0,Monday,27,26,False,2011
2011-06-28,2011,2,Q2,6,June,Jun,2011-06,1,Tuesday,28,26,False,2011
2011-06-29,2011,2,Q2,6,June,Jun,2011-06,2,Wednesday,29,26,False,2011
2011-06-30,2011,2,Q2,6,June,Jun,2011-06,3,Thursday,30,26,False,2011
2011-07-01,2011,3,Q3,7,July,Jul,2011-07,4,Friday,1,26,False,2012
2011-07-02,2011,3,Q3,7,July,Jul,2011-07,5,Saturday,2,26,True,2012
2011-07-03,2011,3,Q3,7,July,Jul,2011-07,6,Sunday,3,26,True,2012
2011-07-04,2011,3,Q3,7,July,Jul,2011-07,0,Monday,4,27,False,2012
2011-07-05,2011,3,Q3,7,July,Jul,2011-07,1,Tuesday,5,27,False,2012
2011-07-06,2011,3,Q3,7,July,Jul,2011-07,2,Wednesday,6,27,False,2012
2011-07-07,2011,3,Q3,7,July,Jul,2011-07,3,Thursday,7,27,False,2012
2011-07-08,2011,3,Q3,7,July,Jul,2011-07,4,Friday,8,27,False,2012
2011-07-09,2011,3,Q3,7,July,Jul,2011-07,5,Saturday,9,27,True,2012
2011-07-10,2011,3,Q3,7,July,Jul,2011-07,6,Sunday,10,27,True,2012
2011-07-11,2011,3,Q3,7,July,Jul,2011-07,0,Monday,11,28,False,2012
2011-07-12,2011,3,Q3,7,July,Jul,2011-07,1,Tuesday,12,28,False,2012
2011-07-13,2011,3,Q3,7,July,Jul,2011-07,2,Wednesday,13,28,False,2012
2011-07-14,2011,3,Q3,7,July,Jul,2011-07,3,Thursday,14,28,False,2012
2011-07-15,2011,3,Q3,7,July,Jul,2011-07,4,Friday,15,28,False,2012
2011-07-16,2011,3,Q3,7,July,Jul,2011-07,5,Saturday,16,28,True,2012
2011-07-17,2011,3,Q3,7,July,Jul,2011-07,6,Sunday,17,28,True,2012
2011-07-18,2011,3,Q3,7,July,Jul,2011-07,0,Monday,18,29,False,2012
2011-07-19,2011,3,Q3,7,July,Jul,2011-07,1,Tuesday,19,29,False,2012
2011-07-20,2011,3,Q3,7,July,Jul,2011-07,2,Wednesday,20,29,False,2012
2011-07-21,2011,3,Q3,7,July,Jul,2011-07,3,Thursday,21,29,False,2012
2011-07-22,2011,3,Q3,7,July,Jul,2011-07,4,Friday,22,29,False,2012
2011-07-23,2011,3,Q3,7,July,Jul,2011-07,5,Saturday,23,29,True,2012
2011-07-24,2011,3,Q3,7,July,Jul,2011-07,6,Sunday,24,29,True,2012
2011-07-25,2011,3,Q3,7,July,Jul,2011-07,0,Monday,25,30,False,2012
2011-07-26,2011,3,Q3,7,July,Jul,2011-07,1,Tuesday,26,30,False,2012
2011-07-27,2011,3,Q3,7,July,Jul,2011-07,2,Wednesday,27,30,False,2012
2011-07-28,2011,3,Q3,7,July,Jul,2011-07,3,Thursday,28,30,False,2012
2011-07-29,2011,3,Q3,7,July,Jul,2011-07,4,Friday,29,30,False,2012
2011-07-30,2011,3,Q3,7,July,Jul,2011-07,5,Saturday,30,30,True,2012
2011-07-31,2011,3,Q3,7,July,Jul,2011-07,6,Sunday,31,30,True,2012
2011-08-01,2011,3,Q3,8,August,Aug,2011-08,0,Monday,1,31,False,2012
2011-08-02,2011,3,Q3,8,August,Aug,2011-08,1,Tuesday,2,31,False,2012
2011-08-03,2011,3,Q3,8,August,Aug,2011-08,2,Wednesday,3,31,False,2012
2011-08-04,2011,3,Q3,8,August,Aug,2011-08,3,Thursday,4,31,False,2012
2011-08-05,2011,3,Q3,8,August,Aug,2011-08,4,Friday,5,31,False,2012
2011-08-06,2011,3,Q3,8,August,Aug,2011-08,5,Saturday,6,31,True,2012
2011-08-07,2011,3,Q3,8,August,Aug,2011-08,6,Sunday,7,31,True,2012
2011-08-08,2011,3,Q3,8,August,Aug,2011-08,0,Monday,8,32,False,2012
2011-08-09,2011,3,Q3,8,August,Aug,2011-08,1,Tuesday,9,32,False,2012
2011-08-10,2011,3,Q3,8,August,Aug,2011-08,2,Wednesday,10,32,False,2012
2011-08-11,2011,3,Q3,8,August,Aug,2011-08,3,Thursday,11,32,False,2012
2011-08-12,2011,3,Q3,8,August,Aug,2011-08,4,Friday,12,32,False,2012
2011-08-13,2011,3,Q3,8,August,Aug,2011-08,5,Saturday,13,32,True,2012
2011-08-14,2011,3,Q3,8,August,Aug,2011-08,6,Sunday,14,32,True,2012
2011-08-15,2011,3,Q3,8,August,Aug,2011-08,0,Monday,15,33,False,2012
2011-08-16,2011,3,Q3,8,August,Aug,2011-08,1,Tuesday,16,33,False,2012
2011-08-17,2011,3,Q3,8,August,Aug,2011-08,2,Wednesday,17,33,False,2012
2011-08-18,2011,3,Q3,8,August,Aug,2011-08,3,Thursday,18,33,False,2012
2011-08-19,2011,3,Q3,8,August,Aug,2011-08,4,Friday,19,33,False,2012
2011-08-20,2011,3,Q3,8,August,Aug,2011-08,5,Saturday,20,33,True,2012
2011-08-21,2011,3,Q3,8,August,Aug,2011-08,6,Sunday,21,33,True,2012
2011-08-22,2011,3,Q3,8,August,Aug,2011-08,0,Monday,22,34,False,2012
2011-08-23,2011,3,Q3,8,August,Aug,2011-08,1,Tuesday,23,34,False,2012
2011-08-24,2011,3,Q3,8,August,Aug,2011-08,2,Wednesday,24,34,False,2012
2011-08-25,2011,3,Q3,8,August,Aug,2011-08,3,Thursday,25,34,False,2012
2011-08-26,2011,3,Q3,8,August,Aug,2011-08,4,Friday,26,34,False,2012
2011-08-27,2011,3,Q3,8,August,Aug,2011-08,5,Saturday,27,34,True,2012
2011-08-28,2011,3,Q3,8,August,Aug,2011-08,6,Sunday,28,34,True,2012
2011-08-29,2011,3,Q3,8,August,Aug,2011-08,0,Monday,29,35,False,2012
2011-08-30,2011,3,Q3,8,August,Aug,2011-08,1,Tuesday,30,35,False,2012
2011-08-31,2011,3,Q3,8,August,Aug,2011-08,2,Wednesday,31,35,False,2012
2011-09-01,2011,3,Q3,9,September,Sep,2011-09,3,Thursday,1,35,False,2012
2011-09-02,2011,3,Q3,9,September,Sep,2011-09,4,Friday,2,35,False,2012
2011-09-03,2011,3,Q3,9,September,Sep,2011-09,5,Saturday,3,35,True,2012
2011-09-04,2011,3,Q3,9,September,Sep,2011-09,6,Sunday,4,35,True,2012
2011-09-05,2011,3,Q3,9,September,Sep,2011-09,0,Monday,5,36,False,2012
2011-09-06,2011,3,Q3,9,September,Sep,2011-09,1,Tuesday,6,36,False,2012
2011-09-07,2011,3,Q3,9,September,Sep,2011-09,2,Wednesday,7,36,False,2012
2011-09-08,2011,3,Q3,9,September,Sep,2011-09,3,Thursday,8,36,False,2012
2011-09-09,2011,3,Q3,9,September,Sep,2011-09,4,Friday,9,36,False,2012
2011-09-10,2011,3,Q3,9,September,Sep,2011-09,5,Saturday,10,36,True,2012
2011-09-11,2011,3,Q3,9,September,Sep,2011-09,6,Sunday,11,36,True,2012
2011-09-12,2011,3,Q3,9,September,Sep,2011-09,0,Monday,12,37,False,2012
2011-09-13,2011,3,Q3,9,September,Sep,2011-09,1,Tuesday,13,37,False,2012
2011-09-14,2011,3,Q3,9,September,Sep,2011-09,2,Wednesday,14,37,False,2012
2011-09-15,2011,3,Q3,9,September,Sep,2011-09,3,Thursday,15,37,False,2012
2011-09-16,2011,3,Q3,9,September,Sep,2011-09,4,Friday,16,37,False,2012
2011-09-17,2011,3,Q3,9,September,Sep,2011-09,5,Saturday,17,37,True,2012
2011-09-18,2011,3,Q3,9,September,Sep,2011-09,6,Sunday,18,37,True,2012
2011-09-19,2011,3,Q3,9,September,Sep,2011-09,0,Monday,19,38,False,2012
2011-09-20,2011,3,Q3,9,September,Sep,2011-09,1,Tuesday,20,38,False,2012
2011-09-21,2011,3,Q3,9,September,Sep,2011-09,2,Wednesday,21,38,False,2012
2011-09-22,2011,3,Q3,9,September,Sep,2011-09,3,Thursday,22,38,False,2012
2011-09-23,2011,3,Q3,9,September,Sep,2011-09,4,Friday,23,38,False,2012
2011-09-24,2011,3,Q3,9,September,Sep,2011-09,5,Saturday,24,38,True,2012
2011-09-25,2011,3,Q3,9,September,Sep,2011-09,6,Sunday,25,38,True,2012
2011-09-26,2011,3,Q3,9,September,Sep,2011-09,0,Monday,26,39,False,2012
2011-09-27,2011,3,Q3,9,September,Sep,2011-09,1,Tuesday,27,39,False,2012
2011-09-28,2011,3,Q3,9,September,Sep,2011-09,2,Wednesday,28,39,False,2012
2011-09-29,2011,3,Q3,9,September,Sep,2011-09,3,Thursday,29,39,False,2012
2011-09-30,2011,3,Q3,9,September,Sep,2011-09,4,Friday,30,39,False,2012
2011-10-01,2011,4,Q4,10,October,Oct,2011-10,5,Saturday,1,39,True,2012
2011-10-02,2011,4,Q4,10,October,Oct,2011-10,6,Sunday,2,39,True,2012
2011-10-03,2011,4,Q4,10,October,Oct,2011-10,0,Monday,3,40,False,2012
2011-10-04,2011,4,Q4,10,October,Oct,2011-10,1,Tuesday,4,40,False,2012
2011-10-05,2011,4,Q4,10,October,Oct,2011-10,2,Wednesday,5,40,False,2012
2011-10-06,2011,4,Q4,10,October,Oct,2011-10,3,Thursday,6,40,False,2012
2011-10-07,2011,4,Q4,10,October,Oct,2011-10,4,Friday,7,40,False,2012
2011-10-08,2011,4,Q4,10,October,Oct,2011-10,5,Saturday,8,40,True,2012
2011-10-09,2011,4,Q4,10,October,Oct,2011-10,6,Sunday,9,40,True,2012
2011-10-10,2011,4,Q4,10,October,Oct,2011-10,0,Monday,10,41,False,2012
2011-10-11,2011,4,Q4,10,October,Oct,2011-10,1,Tuesday,11,41,False,2012
2011-10-12,2011,4,Q4,10,October,Oct,2011-10,2,Wednesday,12,41,False,2012
2011-10-13,2011,4,Q4,10,October,Oct,2011-10,3,Thursday,13,41,False,2012
2011-10-14,2011,4,Q4,10,October,Oct,2011-10,4,Friday,14,41,False,2012
2011-10-15,2011,4,Q4,10,October,Oct,2011-10,5,Saturday,15,41,True,2012
2011-10-16,2011,4,Q4,10,October,Oct,2011-10,6,Sunday,16,41,True,2012
2011-10-17,2011,4,Q4,10,October,Oct,2011-10,0,Monday,17,42,False,2012
2011-10-18,2011,4,Q4,10,October,Oct,2011-10,1,Tuesday,18,42,False,2012
2011-10-19,2011,4,Q4,10,October,Oct,2011-10,2,Wednesday,19,42,False,2012
2011-10-20,2011,4,Q4,10,October,Oct,2011-10,3,Thursday,20,42,False,2012
2011-10-21,2011,4,Q4,10,October,Oct,2011-10,4,Friday,21,42,False,2012
2011-10-22,2011,4,Q4,10,October,Oct,2011-10,5,Saturday,22,42,True,2012
2011-10-23,2011,4,Q4,10,October,Oct,2011-10,6,Sunday,23,42,True,2012
2011-10-24,2011,4,Q4,10,October,Oct,2011-10,0,Monday,24,43,False,2012
2011-10-25,2011,4,Q4,10,October,Oct,2011-10,1,Tuesday,25,43,False,2012
2011-10-26,2011,4,Q4,10,October,Oct,2011-10,2,Wednesday,26,43,False,2012
2011-10-27,2011,4,Q4,10,October,Oct,2011-10,3,Thursday,27,43,False,2012
2011-10-28,2011,4,Q4,10,October,Oct,2011-10,4,Friday,28,43,False,2012
2011-10-29,2011,4,Q4,10,October,Oct,2011-10,5,Saturday,29,43,True,2012
2011-10-30,2011,4,Q4,10,October,Oct,2011-10,6,Sunday,30,43,True,2012
2011-10-31,2011,4,Q4,10,October,Oct,2011-10,0,Monday,31,44,False,2012
2011-11-01,2011,4,Q4,11,November,Nov,2011-11,1,Tuesday,1,44,False,2012
2011-11-02,2011,4,Q4,11,November,Nov,2011-11,2,Wednesday,2,44,False,2012
2011-11-03,2011,4,Q4,11,November,Nov,2011-11,3,Thursday,3,44,False,2012
2011-11-04,2011,4,Q4,11,November,Nov,2011-11,4,Friday,4,44,False,2012
2011-11-05,2011,4,Q4,11,November,Nov,2011-11,5,Saturday,5,44,True,2012
2011-11-06,2011,4,Q4,11,November,Nov,2011-11,6,Sunday,6,44,True,2012
2011-11-07,2011,4,Q4,11,November,Nov,2011-11,0,Monday,7,45,False,2012
2011-11-08,2011,4,Q4,11,November,Nov,2011-11,1,Tuesday,8,45,False,2012
2011-11-09,2011,4,Q4,11,November,Nov,2011-11,2,Wednesday,9,45,False,2012
2011-11-10,2011,4,Q4,11,November,Nov,2011-11,3,Thursday,10,45,False,2012
2011-11-11,2011,4,Q4,11,November,Nov,2011-11,4,Friday,11,45,False,2012
2011-11-12,2011,4,Q4,11,November,Nov,2011-11,5,Saturday,12,45,True,2012
2011-11-13,2011,4,Q4,11,November,Nov,2011-11,6,Sunday,13,45,True,2012
2011-11-14,2011,4,Q4,11,November,Nov,2011-11,0,Monday,14,46,False,2012
2011-11-15,2011,4,Q4,11,November,Nov,2011-11,1,Tuesday,15,46,False,2012
2011-11-16,2011,4,Q4,11,November,Nov,2011-11,2,Wednesday,16,46,False,2012
2011-11-17,2011,4,Q4,11,November,Nov,2011-11,3,Thursday,17,46,False,2012
2011-11-18,2011,4,Q4,11,November,Nov,2011-11,4,Friday,18,46,False,2012
2011-11-19,2011,4,Q4,11,November,Nov,2011-11,5,Saturday,19,46,True,2012
2011-11-20,2011,4,Q4,11,November,Nov,2011-11,6,Sunday,20,46,True,2012
2011-11-21,2011,4,Q4,11,November,Nov,2011-11,0,Monday,21,47,False,2012
2011-11-22,2011,4,Q4,11,November,Nov,2011-11,1,Tuesday,22,47,False,2012
2011-11-23,2011,4,Q4,11,November,Nov,2011-11,2,Wednesday,23,47,False,2012
2011-11-24,2011,4,Q4,11,November,Nov,2011-11,3,Thursday,24,47,False,2012
2011-11-25,2011,4,Q4,11,November,Nov,2011-11,4,Friday,25,47,False,2012
2011-11-26,2011,4,Q4,11,November,Nov,2011-11,5,Saturday,26,47,True,2012
2011-11-27,2011,4,Q4,11,November,Nov,2011-11,6,Sunday,27,47,True,2012
2011-11-28,2011,4,Q4,11,November,Nov,2011-11,0,Monday,28,48,False,2012
2011-11-29,2011,4,Q4,11,November,Nov,2011-11,1,Tuesday,29,48,False,2012
2011-11-30,2011,4,Q4,11,November,Nov,2011-11,2,Wednesday,30,48,False,2012
2011-12-01,2011,4,Q4,12,December,Dec,2011-12,3,Thursday,1,48,False,2012
2011-12-02,2011,4,Q4,12,December,Dec,2011-12,4,Friday,2,48,False,2012
2011-12-03,2011,4,Q4,12,December,Dec,2011-12,5,Saturday,3,48,True,2012
2011-12-04,2011,4,Q4,12,December,Dec,2011-12,6,Sunday,4,48,True,2012
2011-12-05,2011,4,Q4,12,December,Dec,2011-12,0,Monday,5,49,False,2012
2011-12-06,2011,4,Q4,12,December,Dec,2011-12,1,Tuesday,6,49,False,2012
2011-12-07,2011,4,Q4,12,December,Dec,2011-12,2,Wednesday,7,49,False,2012
2011-12-08,2011,4,Q4,12,December,Dec,2011-12,3,Thursday,8,49,False,2012
2011-12-09,2011,4,Q4,12,December,Dec,2011-12,4,Friday,9,49,False,2012
2011-12-10,2011,4,Q4,12,December,Dec,2011-12,5,Saturday,10,49,True,2012
2011-12-11,2011,4,Q4,12,December,Dec,2011-12,6,Sunday,11,49,True,2012
2011-12-12,2011,4,Q4,12,December,Dec,2011-12,0,Monday,12,50,False,2012
2011-12-13,2011,4,Q4,12,December,Dec,2011-12,1,Tuesday,13,50,False,2012
2011-12-14,2011,4,Q4,12,December,Dec,2011-12,2,Wednesday,14,50,False,2012
2011-12-15,2011,4,Q4,12,December,Dec,2011-12,3,Thursday,15,50,False,2012
2011-12-16,2011,4,Q4,12,December,Dec,2011-12,4,Friday,16,50,False,2012
2011-12-17,2011,4,Q4,12,December,Dec,2011-12,5,Saturday,17,50,True,2012
2011-12-18,2011,4,Q4,12,December,Dec,2011-12,6,Sunday,18,50,True,2012
2011-12-19,2011,4,Q4,12,December,Dec,2011-12,0,Monday,19,51,False,2012
2011-12-20,2011,4,Q4,12,December,Dec,2011-12,1,Tuesday,20,51,False,2012
2011-12-21,2011,4,Q4,12,December,Dec,2011-12,2,Wednesday,21,51,False,2012
2011-12-22,2011,4,Q4,12,December,Dec,2011-12,3,Thursday,22,51,False,2012
2011-12-23,2011,4,Q4,12,December,Dec,2011-12,4,Friday,23,51,False,2012
2011-12-24,2011,4,Q4,12,December,Dec,2011-12,5,Saturday,24,51,True,2012
2011-12-25,2011,4,Q4,12,December,Dec,2011-12,6,Sunday,25,51,True,2012
2011-12-26,2011,4,Q4,12,December,Dec,2011-12,0,Monday,26,52,False,2012
2011-12-27,2011,4,Q4,12,December,Dec,2011-12,1,Tuesday,27,52,False,2012
2011-12-28,2011,4,Q4,12,December,Dec,2011-12,2,Wednesday,28,52,False,2012
2011-12-29,2011,4,Q4,12,December,Dec,2011-12,3,Thursday,29,52,False,2012
2011-12-30,2011,4,Q4,12,December,Dec,2011-12,4,Friday,30,52,False,2012
2011-12-31,2011,4,Q4,12,December,Dec,2011-12,5,Saturday,31,52,True,2012
2012-01-01,2012,1,Q1,1,January,Jan,2012-01,6,Sunday,1,52,True,2012
2012-01-02,2012,1,Q1,1,January,Jan,2012-01,0,Monday,2,1,False,2012
2012-01-03,2012,1,Q1,1,January,Jan,2012-01,1,Tuesday,3,1,False,2012
2012-01-04,2012,1,Q1,1,January,Jan,2012-01,2,Wednesday,4,1,False,2012
2012-01-05,2012,1,Q1,1,January,Jan,2012-01,3,Thursday,5,1,False,2012
2012-01-06,2012,1,Q1,1,January,Jan,2012-01,4,Friday,6,1,False,2012
2012-01-07,2012,1,Q1,1,January,Jan,2012-01,5,Saturday,7,1,True,2012
2012-01-08,2012,1,Q1,1,January,Jan,2012-01,6,Sunday,8,1,True,2012
2012-01-09,2012,1,Q1,1,January,Jan,2012-01,0,Monday,9,2,False,2012
2012-01-10,2012,1,Q1,1,January,Jan,2012-01,1,Tuesday,10,2,False,2012
2012-01-11,2012,1,Q1,1,January,Jan,2012-01,2,Wednesday,11,2,False,2012
2012-01-12,2012,1,Q1,1,January,Jan,2012-01,3,Thursday,12,2,False,2012
2012-01-13,2012,1,Q1,1,January,Jan,2012-01,4,Friday,13,2,False,2012
2012-01-14,2012,1,Q1,1,January,Jan,2012-01,5,Saturday,14,2,True,2012
2012-01-15,2012,1,Q1,1,January,Jan,2012-01,6,Sunday,15,2,True,2012
2012-01-16,2012,1,Q1,1,January,Jan,2012-01,0,Monday,16,3,False,2012
2012-01-17,2012,1,Q1,1,January,Jan,2012-01,1,Tuesday,17,3,False,2012
2012-01-18,2012,1,Q1,1,January,Jan,2012-01,2,Wednesday,18,3,False,2012
2012-01-19,2012,1,Q1,1,January,Jan,2012-01,3,Thursday,19,3,False,2012
2012-01-20,2012,1,Q1,1,January,Jan,2012-01,4,Friday,20,3,False,2012
2012-01-21,2012,1,Q1,1,January,Jan,2012-01,5,Saturday,21,3,True,2012
2012-01-22,2012,1,Q1,1,January,Jan,2012-01,6,Sunday,22,3,True,2012
2012-01-23,2012,1,Q1,1,January,Jan,2012-01,0,Monday,23,4,False,2012
2012-01-24,2012,1,Q1,1,January,Jan,2012-01,1,Tuesday,24,4,False,2012
2012-01-25,2012,1,Q1,1,January,Jan,2012-01,2,Wednesday,25,4,False,2012
2012-01-26,2012,1,Q1,1,January,Jan,2012-01,3,Thursday,26,4,False,2012
2012-01-27,2012,1,Q1,1,January,Jan,2012-01,4,Friday,27,4,False,2012
2012-01-28,2012,1,Q1,1,January,Jan,2012-01,5,Saturday,28,4,True,2012
2012-01-29,2012,1,Q1,1,January,Jan,2012-01,6,Sunday,29,4,True,2012
2012-01-30,2012,1,Q1,1,January,Jan,2012-01,0,Monday,30,5,False,2012
2012-01-31,2012,1,Q1,1,January,Jan,2012-01,1,Tuesday,31,5,False,2012
2012-02-01,2012,1,Q1,2,February,Feb,2012-02,2,Wednesday,1,5,False,2012
2012-02-02,2012,1,Q1,2,February,Feb,2012-02,3,Thursday,2,5,False,2012
2012-02-03,2012,1,Q1,2,February,Feb,2012-02,4,Friday,3,5,False,2012
2012-02-04,2012,1,Q1,2,February,Feb,2012-02,5,Saturday,4,5,True,2012
2012-02-05,2012,1,Q1,2,February,Feb,2012-02,6,Sunday,5,5,True,2012
2012-02-06,2012,1,Q1,2,February,Feb,2012-02,0,Monday,6,6,False,2012
2012-02-07,2012,1,Q1,2,February,Feb,2012-02,1,Tuesday,7,6,False,2012
2012-02-08,2012,1,Q1,2,February,Feb,2012-02,2,Wednesday,8,6,False,2012
2012-02-09,2012,1,Q1,2,February,Feb,2012-02,3,Thursday,9,6,False,2012
2012-02-10,2012,1,Q1,2,February,Feb,2012-02,4,Friday,10,6,False,2012
2012-02-11,2012,1,Q1,2,February,Feb,2012-02,5,Saturday,11,6,True,2012
2012-02-12,2012,1,Q1,2,February,Feb,2012-02,6,Sunday,12,6,True,2012
2012-02-13,2012,1,Q1,2,February,Feb,2012-02,0,Monday,13,7,False,2012
2012-02-14,2012,1,Q1,2,February,Feb,2012-02,1,Tuesday,14,7,False,2012
2012-02-15,2012,1,Q1,2,February,Feb,2012-02,2,Wednesday,15,7,False,2012
2012-02-16,2012,1,Q1,2,February,Feb,2012-02,3,Thursday,16,7,False,2012
2012-02-17,2012,1,Q1,2,February,Feb,2012-02,4,Friday,17,7,False,2012
2012-02-18,2012,1,Q1,2,February,Feb,2012-02,5,Saturday,18,7,True,2012
2012-02-19,2012,1,Q1,2,February,Feb,2012-02,6,Sunday,19,7,True,2012
2012-02-20,2012,1,Q1,2,February,Feb,2012-02,0,Monday,20,8,False,2012
2012-02-21,2012,1,Q1,2,February,Feb,2012-02,1,Tuesday,21,8,False,2012
2012-02-22,2012,1,Q1,2,February,Feb,2012-02,2,Wednesday,22,8,False,2012
2012-02-23,2012,1,Q1,2,February,Feb,2012-02,3,Thursday,23,8,False,2012
2012-02-24,2012,1,Q1,2,February,Feb,2012-02,4,Friday,24,8,False,2012
2012-02-25,2012,1,Q1,2,February,Feb,2012-02,5,Saturday,25,8,True,2012
2012-02-26,2012,1,Q1,2,February,Feb,2012-02,6,Sunday,26,8,True,2012
2012-02-27,2012,1,Q1,2,February,Feb,2012-02,0,Monday,27,9,False,2012
2012-02-28,2012,1,Q1,2,February,Feb,2012-02,1,Tuesday,28,9,False,2012
2012-02-29,2012,1,Q1,2,February,Feb,2012-02,2,Wednesday,29,9,False,2012
2012-03-01,2012,1,Q1,3,March,Mar,2012-03,3,Thursday,1,9,False,2012
2012-03-02,2012,1,Q1,3,March,Mar,2012-03,4,Friday,2,9,False,2012
2012-03-03,2012,1,Q1,3,March,Mar,2012-03,5,Saturday,3,9,True,2012
2012-03-04,2012,1,Q1,3,March,Mar,2012-03,6,Sunday,4,9,True,2012
2012-03-05,2012,1,Q1,3,March,Mar,2012-03,0,Monday,5,10,False,2012
2012-03-06,2012,1,Q1,3,March,Mar,2012-03,1,Tuesday,6,10,False,2012
2012-03-07,2012,1,Q1,3,March,Mar,2012-03,2,Wednesday,7,10,False,2012
2012-03-08,2012,1,Q1,3,March,Mar,2012-03,3,Thursday,8,10,False,2012
2012-03-09,2012,1,Q1,3,March,Mar,2012-03,4,Friday,9,10,False,2012
2012-03-10,2012,1,Q1,3,March,Mar,2012-03,5,Saturday,10,10,True,2012
2012-03-11,2012,1,Q1,3,March,Mar,2012-03,6,Sunday,11,10,True,2012
2012-03-12,2012,1,Q1,3,March,Mar,2012-03,0,Monday,12,11,False,2012
2012-03-13,2012,1,Q1,3,March,Mar,2012-03,1,Tuesday,13,11,False,2012
2012-03-14,2012,1,Q1,3,March,Mar,2012-03,2,Wednesday,14,11,False,2012
2012-03-15,2012,1,Q1,3,March,Mar,2012-03,3,Thursday,15,11,False,2012
2012-03-16,2012,1,Q1,3,March,Mar,2012-03,4,Friday,16,11,False,2012
2012-03-17,2012,1,Q1,3,March,Mar,2012-03,5,Saturday,17,11,True,2012
2012-03-18,2012,1,Q1,3,March,Mar,2012-03,6,Sunday,18,11,True,2012
2012-03-19,2012,1,Q1,3,March,Mar,2012-03,0,Monday,19,12,False,2012
2012-03-20,2012,1,Q1,3,March,Mar,2012-03,1,Tuesday,20,12,False,2012
2012-03-21,2012,1,Q1,3,March,Mar,2012-03,2,Wednesday,21,12,False,2012
2012-03-22,2012,1,Q1,3,March,Mar,2012-03,3,Thursday,22,12,False,2012
2012-03-23,2012,1,Q1,3,March,Mar,2012-03,4,Friday,23,12,False,2012
2012-03-24,2012,1,Q1,3,March,Mar,2012-03,5,Saturday,24,12,True,2012
2012-03-25,2012,1,Q1,3,March,Mar,2012-03,6,Sunday,25,12,True,2012
2012-03-26,2012,1,Q1,3,March,Mar,2012-03,0,Monday,26,13,False,2012
2012-03-27,2012,1,Q1,3,March,Mar,2012-03,1,Tuesday,27,13,False,2012
2012-03-28,2012,1,Q1,3,March,Mar,2012-03,2,Wednesday,28,13,False,2012
2012-03-29,2012,1,Q1,3,March,Mar,2012-03,3,Thursday,29,13,False,2012
2012-03-30,2012,1,Q1,3,March,Mar,2012-03,4,Friday,30,13,False,2012
2012-03-31,2012,1,Q1,3,March,Mar,2012-03,5,Saturday,31,13,True,2012
2012-04-01,2012,2,Q2,4,April,Apr,2012-04,6,Sunday,1,13,True,2012
2012-04-02,2012,2,Q2,4,April,Apr,2012-04,0,Monday,2,14,False,2012
2012-04-03,2012,2,Q2,4,April,Apr,2012-04,1,Tuesday,3,14,False,2012
2012-04-04,2012,2,Q2,4,April,Apr,2012-04,2,Wednesday,4,14,False,2012
2012-04-05,2012,2,Q2,4,April,Apr,2012-04,3,Thursday,5,14,False,2012
2012-04-06,2012,2,Q2,4,April,Apr,2012-04,4,Friday,6,14,False,2012
2012-04-07,2012,2,Q2,4,April,Apr,2012-04,5,Saturday,7,14,True,2012
2012-04-08,2012,2,Q2,4,April,Apr,2012-04,6,Sunday,8,14,True,2012
2012-04-09,2012,2,Q2,4,April,Apr,2012-04,0,Monday,9,15,False,2012
2012-04-10,2012,2,Q2,4,April,Apr,2012-04,1,Tuesday,10,15,False,2012
2012-04-11,2012,2,Q2,4,April,Apr,2012-04,2,Wednesday,11,15,False,2012
2012-04-12,2012,2,Q2,4,April,Apr,2012-04,3,Thursday,12,15,False,2012
2012-04-13,2012,2,Q2,4,April,Apr,2012-04,4,Friday,13,15,False,2012
2012-04-14,2012,2,Q2,4,April,Apr,2012-04,5,Saturday,14,15,True,2012
2012-04-15,2012,2,Q2,4,April,Apr,2012-04,6,Sunday,15,15,True,2012
2012-04-16,2012,2,Q2,4,April,Apr,2012-04,0,Monday,16,16,False,2012
2012-04-17,2012,2,Q2,4,April,Apr,2012-04,1,Tuesday,17,16,False,2012
2012-04-18,2012,2,Q2,4,April,Apr,2012-04,2,Wednesday,18,16,False,2012
2012-04-19,2012,2,Q2,4,April,Apr,2012-04,3,Thursday,19,16,False,2012
2012-04-20,2012,2,Q2,4,April,Apr,2012-04,4,Friday,20,16,False,2012
2012-04-21,2012,2,Q2,4,April,Apr,2012-04,5,Saturday,21,16,True,2012
2012-04-22,2012,2,Q2,4,April,Apr,2012-04,6,Sunday,22,16,True,2012
2012-04-23,2012,2,Q2,4,April,Apr,2012-04,0,Monday,23,17,False,2012
2012-04-24,2012,2,Q2,4,April,Apr,2012-04,1,Tuesday,24,17,False,2012
2012-04-25,2012,2,Q2,4,April,Apr,2012-04,2,Wednesday,25,17,False,2012
2012-04-26,2012,2,Q2,4,April,Apr,2012-04,3,Thursday,26,17,False,2012
2012-04-27,2012,2,Q2,4,April,Apr,2012-04,4,Friday,27,17,False,2012
2012-04-28,2012,2,Q2,4,April,Apr,2012-04,5,Saturday,28,17,True,2012
2012-04-29,2012,2,Q2,4,April,Apr,2012-04,6,Sunday,29,17,True,2012
2012-04-30,2012,2,Q2,4,April,Apr,2012-04,0,Monday,30,18,False,2012
2012-05-01,2012,2,Q2,5,May,May,2012-05,1,Tuesday,1,18,False,2012
2012-05-02,2012,2,Q2,5,May,May,2012-05,2,Wednesday,2,18,False,2012
2012-05-03,2012,2,Q2,5,May,May,2012-05,3,Thursday,3,18,False,2012
2012-05-04,2012,2,Q2,5,May,May,2012-05,4,Friday,4,18,False,2012
2012-05-05,2012,2,Q2,5,May,May,2012-05,5,Saturday,5,18,True,2012
2012-05-06,2012,2,Q2,5,May,May,2012-05,6,Sunday,6,18,True,2012
2012-05-07,2012,2,Q2,5,May,May,2012-05,0,Monday,7,19,False,2012
2012-05-08,2012,2,Q2,5,May,May,2012-05,1,Tuesday,8,19,False,2012
2012-05-09,2012,2,Q2,5,May,May,2012-05,2,Wednesday,9,19,False,2012
2012-05-10,2012,2,Q2,5,May,May,2012-05,3,Thursday,10,19,False,2012
2012-05-11,2012,2,Q2,5,May,May,2012-05,4,Friday,11,19,False,2012
2012-05-12,2012,2,Q2,5,May,May,2012-05,5,Saturday,12,19,True,2012
2012-05-13,2012,2,Q2,5,May,May,2012-05,6,Sunday,13,19,True,2012
2012-05-14,2012,2,Q2,5,May,May,2012-05,0,Monday,14,20,False,2012
2012-05-15,2012,2,Q2,5,May,May,2012-05,1,Tuesday,15,20,False,2012
2012-05-16,2012,2,Q2,5,May,May,2012-05,2,Wednesday,16,20,False,2012
2012-05-17,2012,2,Q2,5,May,May,2012-05,3,Thursday,17,20,False,2012
2012-05-18,2012,2,Q2,5,May,May,2012-05,4,Friday,18,20,False,2012
2012-05-19,2012,2,Q2,5,May,May,2012-05,5,Saturday,19,20,True,2012
2012-05-20,2012,2,Q2,5,May,May,2012-05,6,Sunday,20,20,True,2012
2012-05-21,2012,2,Q2,5,May,May,2012-05,0,Monday,21,21,False,2012
2012-05-22,2012,2,Q2,5,May,May,2012-05,1,Tuesday,22,21,False,2012
2012-05-23,2012,2,Q2,5,May,May,2012-05,2,Wednesday,23,21,False,2012
2012-05-24,2012,2,Q2,5,May,May,2012-05,3,Thursday,24,21,False,2012
2012-05-25,2012,2,Q2,5,May,May,2012-05,4,Friday,25,21,False,2012
2012-05-26,2012,2,Q2,5,May,May,2012-05,5,Saturday,26,21,True,2012
2012-05-27,2012,2,Q2,5,May,May,2012-05,6,Sunday,27,21,True,2012
2012-05-28,2012,2,Q2,5,May,May,2012-05,0,Monday,28,22,False,2012
2012-05-29,2012,2,Q2,5,May,May,2012-05,1,Tuesday,29,22,False,2012
2012-05-30,2012,2,Q2,5,May,May,2012-05,2,Wednesday,30,22,False,2012
2012-05-31,2012,2,Q2,5,May,May,2012-05,3,Thursday,31,22,False,2012
2012-06-01,2012,2,Q2,6,June,Jun,2012-06,4,Friday,1,22,False,2012
2012-06-02,2012,2,Q2,6,June,Jun,2012-06,5,Saturday,2,22,True,2012
2012-06-03,2012,2,Q2,6,June,Jun,2012-06,6,Sunday,3,22,True,2012
2012-06-04,2012,2,Q2,6,June,Jun,2012-06,0,Monday,4,23,False,2012
2012-06-05,2012,2,Q2,6,June,Jun,2012-06,1,Tuesday,5,23,False,2012
2012-06-06,2012,2,Q2,6,June,Jun,2012-06,2,Wednesday,6,23,False,2012
2012-06-07,2012,2,Q2,6,June,Jun,2012-06,3,Thursday,7,23,False,2012
2012-06-08,2012,2,Q2,6,June,Jun,2012-06,4,Friday,8,23,False,2012
2012-06-09,2012,2,Q2,6,June,Jun,2012-06,5,Saturday,9,23,True,2012
2012-06-10,2012,2,Q2,6,June,Jun,2012-06,6,Sunday,10,23,True,2012
2012-06-11,2012,2,Q2,6,June,Jun,2012-06,0,Monday,11,24,False,2012
2012-06-12,2012,2,Q2,6,June,Jun,2012-06,1,Tuesday,12,24,False,2012
2012-06-13,2012,2,Q2,6,June,Jun,2012-06,2,Wednesday,13,24,False,2012
2012-06-14,2012,2,Q2,6,June,Jun,2012-06,3,Thursday,14,24,False,2012
2012-06-15,2012,2,Q2,6,June,Jun,2012-06,4,Friday,15,24,False,2012
2012-06-16,2012,2,Q2,6,June,Jun,2012-06,5,Saturday,16,24,True,2012
2012-06-17,2012,2,Q2,6,June,Jun,2012-06,6,Sunday,17,24,True,2012
2012-06-18,2012,2,Q2,6,June,Jun,2012-06,0,Monday,18,25,False,2012
2012-06-19,2012,2,Q2,6,June,Jun,2012-06,1,Tuesday,19,25,False,2012
2012-06-20,2012,2,Q2,6,June,Jun,2012-06,2,Wednesday,20,25,False,2012
2012-06-21,2012,2,Q2,6,June,Jun,2012-06,3,Thursday,21,25,False,2012
2012-06-22,2012,2,Q2,6,June,Jun,2012-06,4,Friday,22,25,False,2012
2012-06-23,2012,2,Q2,6,June,Jun,2012-06,5,Saturday,23,25,True,2012
2012-06-24,2012,2,Q2,6,June,Jun,2012-06,6,Sunday,24,25,True,2012
2012-06-25,2012,2,Q2,6,June,Jun,2012-06,0,Monday,25,26,False,2012
2012-06-26,2012,2,Q2,6,June,Jun,2012-06,1,Tuesday,26,26,False,2012
2012-06-27,2012,2,Q2,6,June,Jun,2012-06,2,Wednesday,27,26,False,2012
2012-06-28,2012,2,Q2,6,June,Jun,2012-06,3,Thursday,28,26,False,2012
2012-06-29,2012,2,Q2,6,June,Jun,2012-06,4,Friday,29,26,False,2012
2012-06-30,2012,2,Q2,6,June,Jun,2012-06,5,Saturday,30,26,True,2012
2012-07-01,2012,3,Q3,7,July,Jul,2012-07,6,Sunday,1,26,True,2013
2012-07-02,2012,3,Q3,7,July,Jul,2012-07,0,Monday,2,27,False,2013
2012-07-03,2012,3,Q3,7,July,Jul,2012-07,1,Tuesday,3,27,False,2013
2012-07-04,2012,3,Q3,7,July,Jul,2012-07,2,Wednesday,4,27,False,2013
2012-07-05,2012,3,Q3,7,July,Jul,2012-07,3,Thursday,5,27,False,2013
2012-07-06,2012,3,Q3,7,July,Jul,2012-07,4,Friday,6,27,False,2013
2012-07-07,2012,3,Q3,7,July,Jul,2012-07,5,Saturday,7,27,True,2013
2012-07-08,2012,3,Q3,7,July,Jul,2012-07,6,Sunday,8,27,True,2013
2012-07-09,2012,3,Q3,7,July,Jul,2012-07,0,Monday,9,28,False,2013
2012-07-10,2012,3,Q3,7,July,Jul,2012-07,1,Tuesday,10,28,False,2013
2012-07-11,2012,3,Q3,7,July,Jul,2012-07,2,Wednesday,11,28,False,2013
2012-07-12,2012,3,Q3,7,July,Jul,2012-07,3,Thursday,12,28,False,2013
2012-07-13,2012,3,Q3,7,July,Jul,2012-07,4,Friday,13,28,False,2013
2012-07-14,2012,3,Q3,7,July,Jul,2012-07,5,Saturday,14,28,True,2013
2012-07-15,2012,3,Q3,7,July,Jul,2012-07,6,Sunday,15,28,True,2013
2012-07-16,2012,3,Q3,7,July,Jul,2012-07,0,Monday,16,29,False,2013
2012-07-17,2012,3,Q3,7,July,Jul,2012-07,1,Tuesday,17,29,False,2013
2012-07-18,2012,3,Q3,7,July,Jul,2012-07,2,Wednesday,18,29,False,2013
2012-07-19,2012,3,Q3,7,July,Jul,2012-07,3,Thursday,19,29,False,2013
2012-07-20,2012,3,Q3,7,July,Jul,2012-07,4,Friday,20,29,False,2013
2012-07-21,2012,3,Q3,7,July,Jul,2012-07,5,Saturday,21,29,True,2013
2012-07-22,2012,3,Q3,7,July,Jul,2012-07,6,Sunday,22,29,True,2013
2012-07-23,2012,3,Q3,7,July,Jul,2012-07,0,Monday,23,30,False,2013
2012-07-24,2012,3,Q3,7,July,Jul,2012-07,1,Tuesday,24,30,False,2013
2012-07-25,2012,3,Q3,7,July,Jul,2012-07,2,Wednesday,25,30,False,2013
2012-07-26,2012,3,Q3,7,July,Jul,2012-07,3,Thursday,26,30,False,2013
2012-07-27,2012,3,Q3,7,July,Jul,2012-07,4,Friday,27,30,False,2013
2012-07-28,2012,3,Q3,7,July,Jul,2012-07,5,Saturday,28,30,True,2013
2012-07-29,2012,3,Q3,7,July,Jul,2012-07,6,Sunday,29,30,True,2013
2012-07-30,2012,3,Q3,7,July,Jul,2012-07,0,Monday,30,31,False,2013
2012-07-31,2012,3,Q3,7,July,Jul,2012-07,1,Tuesday,31,31,False,2013
2012-08-01,2012,3,Q3,8,August,Aug,2012-08,2,Wednesday,1,31,False,2013
2012-08-02,2012,3,Q3,8,August,Aug,2012-08,3,Thursday,2,31,False,2013
2012-08-03,2012,3,Q3,8,August,Aug,2012-08,4,Friday,3,31,False,2013
2012-08-04,2012,3,Q3,8,August,Aug,2012-08,5,Saturday,4,31,True,2013
2012-08-05,2012,3,Q3,8,August,Aug,2012-08,6,Sunday,5,31,True,2013
2012-08-06,2012,3,Q3,8,August,Aug,2012-08,0,Monday,6,32,False,2013
2012-08-07,2012,3,Q3,8,August,Aug,2012-08,1,Tuesday,7,32,False,2013
2012-08-08,2012,3,Q3,8,August,Aug,2012-08,2,Wednesday,8,32,False,2013
2012-08-09,2012,3,Q3,8,August,Aug,2012-08,3,Thursday,9,32,False,2013
2012-08-10,2012,3,Q3,8,August,Aug,2012-08,4,Friday,10,32,False,2013
2012-08-11,2012,3,Q3,8,August,Aug,2012-08,5,Saturday,11,32,True,2013
2012-08-12,2012,3,Q3,8,August,Aug,2012-08,6,Sunday,12,32,True,2013
2012-08-13,2012,3,Q3,8,August,Aug,2012-08,0,Monday,13,33,False,2013
2012-08-14,2012,3,Q3,8,August,Aug,2012-08,1,Tuesday,14,33,False,2013
2012-08-15,2012,3,Q3,8,August,Aug,2012-08,2,Wednesday,15,33,False,2013
2012-08-16,2012,3,Q3,8,August,Aug,2012-08,3,Thursday,16,33,False,2013
2012-08-17,2012,3,Q3,8,August,Aug,2012-08,4,Friday,17,33,False,2013
2012-08-18,2012,3,Q3,8,August,Aug,2012-08,5,Saturday,18,33,True,2013
2012-08-19,2012,3,Q3,8,August,Aug,2012-08,6,Sunday,19,33,True,2013
2012-08-20,2012,3,Q3,8,August,Aug,2012-08,0,Monday,20,34,False,2013
2012-08-21,2012,3,Q3,8,August,Aug,2012-08,1,Tuesday,21,34,False,2013
2012-08-22,2012,3,Q3,8,August,Aug,2012-08,2,Wednesday,22,34,False,2013
2012-08-23,2012,3,Q3,8,August,Aug,2012-08,3,Thursday,23,34,False,2013
2012-08-24,2012,3,Q3,8,August,Aug,2012-08,4,Friday,24,34,False,2013
2012-08-25,2012,3,Q3,8,August,Aug,2012-08,5,Saturday,25,34,True,2013
2012-08-26,2012,3,Q3,8,August,Aug,2012-08,6,Sunday,26,34,True,2013
2012-08-27,2012,3,Q3,8,August,Aug,2012-08,0,Monday,27,35,False,2013
2012-08-28,2012,3,Q3,8,August,Aug,2012-08,1,Tuesday,28,35,False,2013
2012-08-29,2012,3,Q3,8,August,Aug,2012-08,2,Wednesday,29,35,False,2013
2012-08-30,2012,3,Q3,8,August,Aug,2012-08,3,Thursday,30,35,False,2013
2012-08-31,2012,3,Q3,8,August,Aug,2012-08,4,Friday,31,35,False,2013
2012-09-01,2012,3,Q3,9,September,Sep,2012-09,5,Saturday,1,35,True,2013
2012-09-02,2012,3,Q3,9,September,Sep,2012-09,6,Sunday,2,35,True,2013
2012-09-03,2012,3,Q3,9,September,Sep,2012-09,0,Monday,3,36,False,2013
2012-09-04,2012,3,Q3,9,September,Sep,2012-09,1,Tuesday,4,36,False,2013
2012-09-05,2012,3,Q3,9,September,Sep,2012-09,2,Wednesday,5,36,False,2013
2012-09-06,2012,3,Q3,9,September,Sep,2012-09,3,Thursday,6,36,False,2013
2012-09-07,2012,3,Q3,9,September,Sep,2012-09,4,Friday,7,36,False,2013
2012-09-08,2012,3,Q3,9,September,Sep,2012-09,5,Saturday,8,36,True,2013
2012-09-09,2012,3,Q3,9,September,Sep,2012-09,6,Sunday,9,36,True,2013
2012-09-10,2012,3,Q3,9,September,Sep,2012-09,0,Monday,10,37,False,2013
2012-09-11,2012,3,Q3,9,September,Sep,2012-09,1,Tuesday,11,37,False,2013
2012-09-12,2012,3,Q3,9,September,Sep,2012-09,2,Wednesday,12,37,False,2013
2012-09-13,2012,3,Q3,9,September,Sep,2012-09,3,Thursday,13,37,False,2013
2012-09-14,2012,3,Q3,9,September,Sep,2012-09,4,Friday,14,37,False,2013
2012-09-15,2012,3,Q3,9,September,Sep,2012-09,5,Saturday,15,37,True,2013
2012-09-16,2012,3,Q3,9,September,Sep,2012-09,6,Sunday,16,37,True,2013
2012-09-17,2012,3,Q3,9,September,Sep,2012-09,0,Monday,17,38,False,2013
2012-09-18,2012,3,Q3,9,September,Sep,2012-09,1,Tuesday,18,38,False,2013
2012-09-19,2012,3,Q3,9,September,Sep,2012-09,2,Wednesday,19,38,False,2013
2012-09-20,2012,3,Q3,9,September,Sep,2012-09,3,Thursday,20,38,False,2013
2012-09-21,2012,3,Q3,9,September,Sep,2012-09,4,Friday,21,38,False,2013
2012-09-22,2012,3,Q3,9,September,Sep,2012-09,5,Saturday,22,38,True,2013
2012-09-23,2012,3,Q3,9,September,Sep,2012-09,6,Sunday,23,38,True,2013
2012-09-24,2012,3,Q3,9,September,Sep,2012-09,0,Monday,24,39,False,2013
2012-09-25,2012,3,Q3,9,September,Sep,2012-09,1,Tuesday,25,39,False,2013
2012-09-26,2012,3,Q3,9,September,Sep,2012-09,2,Wednesday,26,39,False,2013
2012-09-27,2012,3,Q3,9,September,Sep,2012-09,3,Thursday,27,39,False,2013
2012-09-28,2012,3,Q3,9,September,Sep,2012-09,4,Friday,28,39,False,2013
2012-09-29,2012,3,Q3,9,September,Sep,2012-09,5,Saturday,29,39,True,2013
2012-09-30,2012,3,Q3,9,September,Sep,2012-09,6,Sunday,30,39,True,2013
2012-10-01,2012,4,Q4,10,October,Oct,2012-10,0,Monday,1,40,False,2013
2012-10-02,2012,4,Q4,10,October,Oct,2012-10,1,Tuesday,2,40,False,2013
2012-10-03,2012,4,Q4,10,October,Oct,2012-10,2,Wednesday,3,40,False,2013
2012-10-04,2012,4,Q4,10,October,Oct,2012-10,3,Thursday,4,40,False,2013
2012-10-05,2012,4,Q4,10,October,Oct,2012-10,4,Friday,5,40,False,2013
2012-10-06,2012,4,Q4,10,October,Oct,2012-10,5,Saturday,6,40,True,2013
2012-10-07,2012,4,Q4,10,October,Oct,2012-10,6,Sunday,7,40,True,2013
2012-10-08,2012,4,Q4,10,October,Oct,2012-10,0,Monday,8,41,False,2013
2012-10-09,2012,4,Q4,10,October,Oct,2012-10,1,Tuesday,9,41,False,2013
2012-10-10,2012,4,Q4,10,October,Oct,2012-10,2,Wednesday,10,41,False,2013
2012-10-11,2012,4,Q4,10,October,Oct,2012-10,3,Thursday,11,41,False,2013
2012-10-12,2012,4,Q4,10,October,Oct,2012-10,4,Friday,12,41,False,2013
2012-10-13,2012,4,Q4,10,October,Oct,2012-10,5,Saturday,13,41,True,2013
2012-10-14,2012,4,Q4,10,October,Oct,2012-10,6,Sunday,14,41,True,2013
2012-10-15,2012,4,Q4,10,October,Oct,2012-10,0,Monday,15,42,False,2013
2012-10-16,2012,4,Q4,10,October,Oct,2012-10,1,Tuesday,16,42,False,2013
2012-10-17,2012,4,Q4,10,October,Oct,2012-10,2,Wednesday,17,42,False,2013
2012-10-18,2012,4,Q4,10,October,Oct,2012-10,3,Thursday,18,42,False,2013
2012-10-19,2012,4,Q4,10,October,Oct,2012-10,4,Friday,19,42,False,2013
2012-10-20,2012,4,Q4,10,October,Oct,2012-10,5,Saturday,20,42,True,2013
2012-10-21,2012,4,Q4,10,October,Oct,2012-10,6,Sunday,21,42,True,2013
2012-10-22,2012,4,Q4,10,October,Oct,2012-10,0,Monday,22,43,False,2013
2012-10-23,2012,4,Q4,10,October,Oct,2012-10,1,Tuesday,23,43,False,2013
2012-10-24,2012,4,Q4,10,October,Oct,2012-10,2,Wednesday,24,43,False,2013
2012-10-25,2012,4,Q4,10,October,Oct,2012-10,3,Thursday,25,43,False,2013
2012-10-26,2012,4,Q4,10,October,Oct,2012-10,4,Friday,26,43,False,2013
2012-10-27,2012,4,Q4,10,October,Oct,2012-10,5,Saturday,27,43,True,2013
2012-10-28,2012,4,Q4,10,October,Oct,2012-10,6,Sunday,28,43,True,2013
2012-10-29,2012,4,Q4,10,October,Oct,2012-10,0,Monday,29,44,False,2013
2012-10-30,2012,4,Q4,10,October,Oct,2012-10,1,Tuesday,30,44,False,2013
2012-10-31,2012,4,Q4,10,October,Oct,2012-10,2,Wednesday,31,44,False,2013
2012-11-01,2012,4,Q4,11,November,Nov,2012-11,3,Thursday,1,44,False,2013
2012-11-02,2012,4,Q4,11,November,Nov,2012-11,4,Friday,2,44,False,2013
2012-11-03,2012,4,Q4,11,November,Nov,2012-11,5,Saturday,3,44,True,2013
2012-11-04,2012,4,Q4,11,November,Nov,2012-11,6,Sunday,4,44,True,2013
2012-11-05,2012,4,Q4,11,November,Nov,2012-11,0,Monday,5,45,False,2013
2012-11-06,2012,4,Q4,11,November,Nov,2012-11,1,Tuesday,6,45,False,2013
2012-11-07,2012,4,Q4,11,November,Nov,2012-11,2,Wednesday,7,45,False,2013
2012-11-08,2012,4,Q4,11,November,Nov,2012-11,3,Thursday,8,45,False,2013
2012-11-09,2012,4,Q4,11,November,Nov,2012-11,4,Friday,9,45,False,2013
2012-11-10,2012,4,Q4,11,November,Nov,2012-11,5,Saturday,10,45,True,2013
2012-11-11,2012,4,Q4,11,November,Nov,2012-11,6,Sunday,11,45,True,2013
2012-11-12,2012,4,Q4,11,November,Nov,2012-11,0,Monday,12,46,False,2013
2012-11-13,2012,4,Q4,11,November,Nov,2012-11,1,Tuesday,13,46,False,2013
2012-11-14,2012,4,Q4,11,November,Nov,2012-11,2,Wednesday,14,46,False,2013
2012-11-15,2012,4,Q4,11,November,Nov,2012-11,3,Thursday,15,46,False,2013
2012-11-16,2012,4,Q4,11,November,Nov,2012-11,4,Friday,16,46,False,2013
2012-11-17,2012,4,Q4,11,November,Nov,2012-11,5,Saturday,17,46,True,2013
2012-11-18,2012,4,Q4,11,November,Nov,2012-11,6,Sunday,18,46,True,2013
2012-11-19,2012,4,Q4,11,November,Nov,2012-11,0,Monday,19,47,False,2013
2012-11-20,2012,4,Q4,11,November,Nov,2012-11,1,Tuesday,20,47,False,2013
2012-11-21,2012,4,Q4,11,November,Nov,2012-11,2,Wednesday,21,47,False,2013
2012-11-22,2012,4,Q4,11,November,Nov,2012-11,3,Thursday,22,47,False,2013
2012-11-23,2012,4,Q4,11,November,Nov,2012-11,4,Friday,23,47,False,2013
2012-11-24,2012,4,Q4,11,November,Nov,2012-11,5,Saturday,24,47,True,2013
2012-11-25,2012,4,Q4,11,November,Nov,2012-11,6,Sunday,25,47,True,2013
2012-11-26,2012,4,Q4,11,November,Nov,2012-11,0,Monday,26,48,False,2013
2012-11-27,2012,4,Q4,11,November,Nov,2012-11,1,Tuesday,27,48,False,2013
2012-11-28,2012,4,Q4,11,November,Nov,2012-11,2,Wednesday,28,48,False,2013
2012-11-29,2012,4,Q4,11,November,Nov,2012-11,3,Thursday,29,48,False,2013
2012-11-30,2012,4,Q4,11,November,Nov,2012-11,4,Friday,30,48,False,2013
2012-12-01,2012,4,Q4,12,December,Dec,2012-12,5,Saturday,1,48,True,2013
2012-12-02,2012,4,Q4,12,December,Dec,2012-12,6,Sunday,2,48,True,2013
2012-12-03,2012,4,Q4,12,December,Dec,2012-12,0,Monday,3,49,False,2013
2012-12-04,2012,4,Q4,12,December,Dec,2012-12,1,Tuesday,4,49,False,2013
2012-12-05,2012,4,Q4,12,December,Dec,2012-12,2,Wednesday,5,49,False,2013
2012-12-06,2012,4,Q4,12,December,Dec,2012-12,3,Thursday,6,49,False,2013
2012-12-07,2012,4,Q4,12,December,Dec,2012-12,4,Friday,7,49,False,2013
2012-12-08,2012,4,Q4,12,December,Dec,2012-12,5,Saturday,8,49,True,2013
2012-12-09,2012,4,Q4,12,December,Dec,2012-12,6,Sunday,9,49,True,2013
2012-12-10,2012,4,Q4,12,December,Dec,2012-12,0,Monday,10,50,False,2013
2012-12-11,2012,4,Q4,12,December,Dec,2012-12,1,Tuesday,11,50,False,2013
2012-12-12,2012,4,Q4,12,December,Dec,2012-12,2,Wednesday,12,50,False,2013
2012-12-13,2012,4,Q4,12,December,Dec,2012-12,3,Thursday,13,50,False,2013
2012-12-14,2012,4,Q4,12,December,Dec,2012-12,4,Friday,14,50,False,2013
2012-12-15,2012,4,Q4,12,December,Dec,2012-12,5,Saturday,15,50,True,2013
2012-12-16,2012,4,Q4,12,December,Dec,2012-12,6,Sunday,16,50,True,2013
2012-12-17,2012,4,Q4,12,December,Dec,2012-12,0,Monday,17,51,False,2013
2012-12-18,2012,4,Q4,12,December,Dec,2012-12,1,Tuesday,18,51,False,2013
2012-12-19,2012,4,Q4,12,December,Dec,2012-12,2,Wednesday,19,51,False,2013
2012-12-20,2012,4,Q4,12,December,Dec,2012-12,3,Thursday,20,51,False,2013
2012-12-21,2012,4,Q4,12,December,Dec,2012-12,4,Friday,21,51,False,2013
2012-12-22,2012,4,Q4,12,December,Dec,2012-12,5,Saturday,22,51,True,2013
2012-12-23,2012,4,Q4,12,December,Dec,2012-12,6,Sunday,23,51,True,2013
2012-12-24,2012,4,Q4,12,December,Dec,2012-12,0,Monday,24,52,False,2013
2012-12-25,2012,4,Q4,12,December,Dec,2012-12,1,Tuesday,25,52,False,2013
2012-12-26,2012,4,Q4,12,December,Dec,2012-12,2,Wednesday,26,52,False,2013
2012-12-27,2012,4,Q4,12,December,Dec,2012-12,3,Thursday,27,52,False,2013
2012-12-28,2012,4,Q4,12,December,Dec,2012-12,4,Friday,28,52,False,2013
2012-12-29,2012,4,Q4,12,December,Dec,2012-12,5,Saturday,29,52,True,2013
2012-12-30,2012,4,Q4,12,December,Dec,2012-12,6,Sunday,30,52,True,2013
2012-12-31,2012,4,Q4,12,December,Dec,2012-12,0,Monday,31,1,False,2013
2013-01-01,2013,1,Q1,1,January,Jan,2013-01,1,Tuesday,1,1,False,2013
2013-01-02,2013,1,Q1,1,January,Jan,2013-01,2,Wednesday,2,1,False,2013
2013-01-03,2013,1,Q1,1,January,Jan,2013-01,3,Thursday,3,1,False,2013
2013-01-04,2013,1,Q1,1,January,Jan,2013-01,4,Friday,4,1,False,2013
2013-01-05,2013,1,Q1,1,January,Jan,2013-01,5,Saturday,5,1,True,2013
2013-01-06,2013,1,Q1,1,January,Jan,2013-01,6,Sunday,6,1,True,2013
2013-01-07,2013,1,Q1,1,January,Jan,2013-01,0,Monday,7,2,False,2013
2013-01-08,2013,1,Q1,1,January,Jan,2013-01,1,Tuesday,8,2,False,2013
2013-01-09,2013,1,Q1,1,January,Jan,2013-01,2,Wednesday,9,2,False,2013
2013-01-10,2013,1,Q1,1,January,Jan,2013-01,3,Thursday,10,2,False,2013
2013-01-11,2013,1,Q1,1,January,Jan,2013-01,4,Friday,11,2,False,2013
2013-01-12,2013,1,Q1,1,January,Jan,2013-01,5,Saturday,12,2,True,2013
2013-01-13,2013,1,Q1,1,January,Jan,2013-01,6,Sunday,13,2,True,2013
2013-01-14,2013,1,Q1,1,January,Jan,2013-01,0,Monday,14,3,False,2013
2013-01-15,2013,1,Q1,1,January,Jan,2013-01,1,Tuesday,15,3,False,2013
2013-01-16,2013,1,Q1,1,January,Jan,2013-01,2,Wednesday,16,3,False,2013
2013-01-17,2013,1,Q1,1,January,Jan,2013-01,3,Thursday,17,3,False,2013
2013-01-18,2013,1,Q1,1,January,Jan,2013-01,4,Friday,18,3,False,2013
2013-01-19,2013,1,Q1,1,January,Jan,2013-01,5,Saturday,19,3,True,2013
2013-01-20,2013,1,Q1,1,January,Jan,2013-01,6,Sunday,20,3,True,2013
2013-01-21,2013,1,Q1,1,January,Jan,2013-01,0,Monday,21,4,False,2013
2013-01-22,2013,1,Q1,1,January,Jan,2013-01,1,Tuesday,22,4,False,2013
2013-01-23,2013,1,Q1,1,January,Jan,2013-01,2,Wednesday,23,4,False,2013
2013-01-24,2013,1,Q1,1,January,Jan,2013-01,3,Thursday,24,4,False,2013
2013-01-25,2013,1,Q1,1,January,Jan,2013-01,4,Friday,25,4,False,2013
2013-01-26,2013,1,Q1,1,January,Jan,2013-01,5,Saturday,26,4,True,2013
2013-01-27,2013,1,Q1,1,January,Jan,2013-01,6,Sunday,27,4,True,2013
2013-01-28,2013,1,Q1,1,January,Jan,2013-01,0,Monday,28,5,False,2013
2013-01-29,2013,1,Q1,1,January,Jan,2013-01,1,Tuesday,29,5,False,2013
2013-01-30,2013,1,Q1,1,January,Jan,2013-01,2,Wednesday,30,5,False,2013
2013-01-31,2013,1,Q1,1,January,Jan,2013-01,3,Thursday,31,5,False,2013
2013-02-01,2013,1,Q1,2,February,Feb,2013-02,4,Friday,1,5,False,2013
2013-02-02,2013,1,Q1,2,February,Feb,2013-02,5,Saturday,2,5,True,2013
2013-02-03,2013,1,Q1,2,February,Feb,2013-02,6,Sunday,3,5,True,2013
2013-02-04,2013,1,Q1,2,February,Feb,2013-02,0,Monday,4,6,False,2013
2013-02-05,2013,1,Q1,2,February,Feb,2013-02,1,Tuesday,5,6,False,2013
2013-02-06,2013,1,Q1,2,February,Feb,2013-02,2,Wednesday,6,6,False,2013
2013-02-07,2013,1,Q1,2,February,Feb,2013-02,3,Thursday,7,6,False,2013
2013-02-08,2013,1,Q1,2,February,Feb,2013-02,4,Friday,8,6,False,2013
2013-02-09,2013,1,Q1,2,February,Feb,2013-02,5,Saturday,9,6,True,2013
2013-02-10,2013,1,Q1,2,February,Feb,2013-02,6,Sunday,10,6,True,2013
2013-02-11,2013,1,Q1,2,February,Feb,2013-02,0,Monday,11,7,False,2013
2013-02-12,2013,1,Q1,2,February,Feb,2013-02,1,Tuesday,12,7,False,2013
2013-02-13,2013,1,Q1,2,February,Feb,2013-02,2,Wednesday,13,7,False,2013
2013-02-14,2013,1,Q1,2,February,Feb,2013-02,3,Thursday,14,7,False,2013
2013-02-15,2013,1,Q1,2,February,Feb,2013-02,4,Friday,15,7,False,2013
2013-02-16,2013,1,Q1,2,February,Feb,2013-02,5,Saturday,16,7,True,2013
2013-02-17,2013,1,Q1,2,February,Feb,2013-02,6,Sunday,17,7,True,2013
2013-02-18,2013,1,Q1,2,February,Feb,2013-02,0,Monday,18,8,False,2013
2013-02-19,2013,1,Q1,2,February,Feb,2013-02,1,Tuesday,19,8,False,2013
2013-02-20,2013,1,Q1,2,February,Feb,2013-02,2,Wednesday,20,8,False,2013
2013-02-21,2013,1,Q1,2,February,Feb,2013-02,3,Thursday,21,8,False,2013
2013-02-22,2013,1,Q1,2,February,Feb,2013-02,4,Friday,22,8,False,2013
2013-02-23,2013,1,Q1,2,February,Feb,2013-02,5,Saturday,23,8,True,2013
2013-02-24,2013,1,Q1,2,February,Feb,2013-02,6,Sunday,24,8,True,2013
2013-02-25,2013,1,Q1,2,February,Feb,2013-02,0,Monday,25,9,False,2013
2013-02-26,2013,1,Q1,2,February,Feb,2013-02,1,Tuesday,26,9,False,2013
2013-02-27,2013,1,Q1,2,February,Feb,2013-02,2,Wednesday,27,9,False,2013
2013-02-28,2013,1,Q1,2,February,Feb,2013-02,3,Thursday,28,9,False,2013
2013-03-01,2013,1,Q1,3,March,Mar,2013-03,4,Friday,1,9,False,2013
2013-03-02,2013,1,Q1,3,March,Mar,2013-03,5,Saturday,2,9,True,2013
2013-03-03,2013,1,Q1,3,March,Mar,2013-03,6,Sunday,3,9,True,2013
2013-03-04,2013,1,Q1,3,March,Mar,2013-03,0,Monday,4,10,False,2013
2013-03-05,2013,1,Q1,3,March,Mar,2013-03,1,Tuesday,5,10,False,2013
2013-03-06,2013,1,Q1,3,March,Mar,2013-03,2,Wednesday,6,10,False,2013
2013-03-07,2013,1,Q1,3,March,Mar,2013-03,3,Thursday,7,10,False,2013
2013-03-08,2013,1,Q1,3,March,Mar,2013-03,4,Friday,8,10,False,2013
2013-03-09,2013,1,Q1,3,March,Mar,2013-03,5,Saturday,9,10,True,2013
2013-03-10,2013,1,Q1,3,March,Mar,2013-03,6,Sunday,10,10,True,2013
2013-03-11,2013,1,Q1,3,March,Mar,2013-03,0,Monday,11,11,False,2013
2013-03-12,2013,1,Q1,3,March,Mar,2013-03,1,Tuesday,12,11,False,2013
2013-03-13,2013,1,Q1,3,March,Mar,2013-03,2,Wednesday,13,11,False,2013
2013-03-14,2013,1,Q1,3,March,Mar,2013-03,3,Thursday,14,11,False,2013
2013-03-15,2013,1,Q1,3,March,Mar,2013-03,4,Friday,15,11,False,2013
2013-03-16,2013,1,Q1,3,March,Mar,2013-03,5,Saturday,16,11,True,2013
2013-03-17,2013,1,Q1,3,March,Mar,2013-03,6,Sunday,17,11,True,2013
2013-03-18,2013,1,Q1,3,March,Mar,2013-03,0,Monday,18,12,False,2013
2013-03-19,2013,1,Q1,3,March,Mar,2013-03,1,Tuesday,19,12,False,2013
2013-03-20,2013,1,Q1,3,March,Mar,2013-03,2,Wednesday,20,12,False,2013
2013-03-21,2013,1,Q1,3,March,Mar,2013-03,3,Thursday,21,12,False,2013
2013-03-22,2013,1,Q1,3,March,Mar,2013-03,4,Friday,22,12,False,2013
2013-03-23,2013,1,Q1,3,March,Mar,2013-03,5,Saturday,23,12,True,2013
2013-03-24,2013,1,Q1,3,March,Mar,2013-03,6,Sunday,24,12,True,2013
2013-03-25,2013,1,Q1,3,March,Mar,2013-03,0,Monday,25,13,False,2013
2013-03-26,2013,1,Q1,3,March,Mar,2013-03,1,Tuesday,26,13,False,2013
2013-03-27,2013,1,Q1,3,March,Mar,2013-03,2,Wednesday,27,13,False,2013
2013-03-28,2013,1,Q1,3,March,Mar,2013-03,3,Thursday,28,13,False,2013
2013-03-29,2013,1,Q1,3,March,Mar,2013-03,4,Friday,29,13,False,2013
2013-03-30,2013,1,Q1,3,March,Mar,2013-03,5,Saturday,30,13,True,2013
2013-03-31,2013,1,Q1,3,March,Mar,2013-03,6,Sunday,31,13,True,2013
2013-04-01,2013,2,Q2,4,April,Apr,2013-04,0,Monday,1,14,False,2013
2013-04-02,2013,2,Q2,4,April,Apr,2013-04,1,Tuesday,2,14,False,2013
2013-04-03,2013,2,Q2,4,April,Apr,2013-04,2,Wednesday,3,14,False,2013
2013-04-04,2013,2,Q2,4,April,Apr,2013-04,3,Thursday,4,14,False,2013
2013-04-05,2013,2,Q2,4,April,Apr,2013-04,4,Friday,5,14,False,2013
2013-04-06,2013,2,Q2,4,April,Apr,2013-04,5,Saturday,6,14,True,2013
2013-04-07,2013,2,Q2,4,April,Apr,2013-04,6,Sunday,7,14,True,2013
2013-04-08,2013,2,Q2,4,April,Apr,2013-04,0,Monday,8,15,False,2013
2013-04-09,2013,2,Q2,4,April,Apr,2013-04,1,Tuesday,9,15,False,2013
2013-04-10,2013,2,Q2,4,April,Apr,2013-04,2,Wednesday,10,15,False,2013
2013-04-11,2013,2,Q2,4,April,Apr,2013-04,3,Thursday,11,15,False,2013
2013-04-12,2013,2,Q2,4,April,Apr,2013-04,4,Friday,12,15,False,2013
2013-04-13,2013,2,Q2,4,April,Apr,2013-04,5,Saturday,13,15,True,2013
2013-04-14,2013,2,Q2,4,April,Apr,2013-04,6,Sunday,14,15,True,2013
2013-04-15,2013,2,Q2,4,April,Apr,2013-04,0,Monday,15,16,False,2013
2013-04-16,2013,2,Q2,4,April,Apr,2013-04,1,Tuesday,16,16,False,2013
2013-04-17,2013,2,Q2,4,April,Apr,2013-04,2,Wednesday,17,16,False,2013
2013-04-18,2013,2,Q2,4,April,Apr,2013-04,3,Thursday,18,16,False,2013
2013-04-19,2013,2,Q2,4,April,Apr,2013-04,4,Friday,19,16,False,2013
2013-04-20,2013,2,Q2,4,April,Apr,2013-04,5,Saturday,20,16,True,2013
2013-04-21,2013,2,Q2,4,April,Apr,2013-04,6,Sunday,21,16,True,2013
2013-04-22,2013,2,Q2,4,April,Apr,2013-04,0,Monday,22,17,False,2013
2013-04-23,2013,2,Q2,4,April,Apr,2013-04,1,Tuesday,23,17,False,2013
2013-04-24,2013,2,Q2,4,April,Apr,2013-04,2,Wednesday,24,17,False,2013
2013-04-25,2013,2,Q2,4,April,Apr,2013-04,3,Thursday,25,17,False,2013
2013-04-26,2013,2,Q2,4,April,Apr,2013-04,4,Friday,26,17,False,2013
2013-04-27,2013,2,Q2,4,April,Apr,2013-04,5,Saturday,27,17,True,2013
2013-04-28,2013,2,Q2,4,April,Apr,2013-04,6,Sunday,28,17,True,2013
2013-04-29,2013,2,Q2,4,April,Apr,2013-04,0,Monday,29,18,False,2013
2013-04-30,2013,2,Q2,4,April,Apr,2013-04,1,Tuesday,30,18,False,2013
2013-05-01,2013,2,Q2,5,May,May,2013-05,2,Wednesday,1,18,False,2013
2013-05-02,2013,2,Q2,5,May,May,2013-05,3,Thursday,2,18,False,2013
2013-05-03,2013,2,Q2,5,May,May,2013-05,4,Friday,3,18,False,2013
2013-05-04,2013,2,Q2,5,May,May,2013-05,5,Saturday,4,18,True,2013
2013-05-05,2013,2,Q2,5,May,May,2013-05,6,Sunday,5,18,True,2013
2013-05-06,2013,2,Q2,5,May,May,2013-05,0,Monday,6,19,False,2013
2013-05-07,2013,2,Q2,5,May,May,2013-05,1,Tuesday,7,19,False,2013
2013-05-08,2013,2,Q2,5,May,May,2013-05,2,Wednesday,8,19,False,2013
2013-05-09,2013,2,Q2,5,May,May,2013-05,3,Thursday,9,19,False,2013
2013-05-10,2013,2,Q2,5,May,May,2013-05,4,Friday,10,19,False,2013
2013-05-11,2013,2,Q2,5,May,May,2013-05,5,Saturday,11,19,True,2013
2013-05-12,2013,2,Q2,5,May,May,2013-05,6,Sunday,12,19,True,2013
2013-05-13,2013,2,Q2,5,May,May,2013-05,0,Monday,13,20,False,2013
2013-05-14,2013,2,Q2,5,May,May,2013-05,1,Tuesday,14,20,False,2013
2013-05-15,2013,2,Q2,5,May,May,2013-05,2,Wednesday,15,20,False,2013
2013-05-16,2013,2,Q2,5,May,May,2013-05,3,Thursday,16,20,False,2013
2013-05-17,2013,2,Q2,5,May,May,2013-05,4,Friday,17,20,False,2013
2013-05-18,2013,2,Q2,5,May,May,2013-05,5,Saturday,18,20,True,2013
2013-05-19,2013,2,Q2,5,May,May,2013-05,6,Sunday,19,20,True,2013
2013-05-20,2013,2,Q2,5,May,May,2013-05,0,Monday,20,21,False,2013
2013-05-21,2013,2,Q2,5,May,May,2013-05,1,Tuesday,21,21,False,2013
2013-05-22,2013,2,Q2,5,May,May,2013-05,2,Wednesday,22,21,False,2013
2013-05-23,2013,2,Q2,5,May,May,2013-05,3,Thursday,23,21,False,2013
2013-05-24,2013,2,Q2,5,May,May,2013-05,4,Friday,24,21,False,2013
2013-05-25,2013,2,Q2,5,May,May,2013-05,5,Saturday,25,21,True,2013
2013-05-26,2013,2,Q2,5,May,May,2013-05,6,Sunday,26,21,True,2013
2013-05-27,2013,2,Q2,5,May,May,2013-05,0,Monday,27,22,False,2013
2013-05-28,2013,2,Q2,5,May,May,2013-05,1,Tuesday,28,22,False,2013
2013-05-29,2013,2,Q2,5,May,May,2013-05,2,Wednesday,29,22,False,2013
2013-05-30,2013,2,Q2,5,May,May,2013-05,3,Thursday,30,22,False,2013
2013-05-31,2013,2,Q2,5,May,May,2013-05,4,Friday,31,22,False,2013
2013-06-01,2013,2,Q2,6,June,Jun,2013-06,5,Saturday,1,22,True,2013
2013-06-02,2013,2,Q2,6,June,Jun,2013-06,6,Sunday,2,22,True,2013
2013-06-03,2013,2,Q2,6,June,Jun,2013-06,0,Monday,3,23,False,2013
2013-06-04,2013,2,Q2,6,June,Jun,2013-06,1,Tuesday,4,23,False,2013
2013-06-05,2013,2,Q2,6,June,Jun,2013-06,2,Wednesday,5,23,False,2013
2013-06-06,2013,2,Q2,6,June,Jun,2013-06,3,Thursday,6,23,False,2013
2013-06-07,2013,2,Q2,6,June,Jun,2013-06,4,Friday,7,23,False,2013
2013-06-08,2013,2,Q2,6,June,Jun,2013-06,5,Saturday,8,23,True,2013
2013-06-09,2013,2,Q2,6,June,Jun,2013-06,6,Sunday,9,23,True,2013
2013-06-10,2013,2,Q2,6,June,Jun,2013-06,0,Monday,10,24,False,2013
2013-06-11,2013,2,Q2,6,June,Jun,2013-06,1,Tuesday,11,24,False,2013
2013-06-12,2013,2,Q2,6,June,Jun,2013-06,2,Wednesday,12,24,False,2013
2013-06-13,2013,2,Q2,6,June,Jun,2013-06,3,Thursday,13,24,False,2013
2013-06-14,2013,2,Q2,6,June,Jun,2013-06,4,Friday,14,24,False,2013
2013-06-15,2013,2,Q2,6,June,Jun,2013-06,5,Saturday,15,24,True,2013
2013-06-16,2013,2,Q2,6,June,Jun,2013-06,6,Sunday,16,24,True,2013
2013-06-17,2013,2,Q2,6,June,Jun,2013-06,0,Monday,17,25,False,2013
2013-06-18,2013,2,Q2,6,June,Jun,2013-06,1,Tuesday,18,25,False,2013
2013-06-19,2013,2,Q2,6,June,Jun,2013-06,2,Wednesday,19,25,False,2013
2013-06-20,2013,2,Q2,6,June,Jun,2013-06,3,Thursday,20,25,False,2013
2013-06-21,2013,2,Q2,6,June,Jun,2013-06,4,Friday,21,25,False,2013
2013-06-22,2013,2,Q2,6,June,Jun,2013-06,5,Saturday,22,25,True,2013
2013-06-23,2013,2,Q2,6,June,Jun,2013-06,6,Sunday,23,25,True,2013
2013-06-24,2013,2,Q2,6,June,Jun,2013-06,0,Monday,24,26,False,2013
2013-06-25,2013,2,Q2,6,June,Jun,2013-06,1,Tuesday,25,26,False,2013
2013-06-26,2013,2,Q2,6,June,Jun,2013-06,2,Wednesday,26,26,False,2013
2013-06-27,2013,2,Q2,6,June,Jun,2013-06,3,Thursday,27,26,False,2013
2013-06-28,2013,2,Q2,6,June,Jun,2013-06,4,Friday,28,26,False,2013
2013-06-29,2013,2,Q2,6,June,Jun,2013-06,5,Saturday,29,26,True,2013
2013-06-30,2013,2,Q2,6,June,Jun,2013-06,6,Sunday,30,26,True,2013
2013-07-01,2013,3,Q3,7,July,Jul,2013-07,0,Monday,1,27,False,2014
2013-07-02,2013,3,Q3,7,July,Jul,2013-07,1,Tuesday,2,27,False,2014
2013-07-03,2013,3,Q3,7,July,Jul,2013-07,2,Wednesday,3,27,False,2014
2013-07-04,2013,3,Q3,7,July,Jul,2013-07,3,Thursday,4,27,False,2014
2013-07-05,2013,3,Q3,7,July,Jul,2013-07,4,Friday,5,27,False,2014
2013-07-06,2013,3,Q3,7,July,Jul,2013-07,5,Saturday,6,27,True,2014
2013-07-07,2013,3,Q3,7,July,Jul,2013-07,6,Sunday,7,27,True,2014
2013-07-08,2013,3,Q3,7,July,Jul,2013-07,0,Monday,8,28,False,2014
2013-07-09,2013,3,Q3,7,July,Jul,2013-07,1,Tuesday,9,28,False,2014
2013-07-10,2013,3,Q3,7,July,Jul,2013-07,2,Wednesday,10,28,False,2014
2013-07-11,2013,3,Q3,7,July,Jul,2013-07,3,Thursday,11,28,False,2014
2013-07-12,2013,3,Q3,7,July,Jul,2013-07,4,Friday,12,28,False,2014
2013-07-13,2013,3,Q3,7,July,Jul,2013-07,5,Saturday,13,28,True,2014
2013-07-14,2013,3,Q3,7,July,Jul,2013-07,6,Sunday,14,28,True,2014
2013-07-15,2013,3,Q3,7,July,Jul,2013-07,0,Monday,15,29,False,2014
2013-07-16,2013,3,Q3,7,July,Jul,2013-07,1,Tuesday,16,29,False,2014
2013-07-17,2013,3,Q3,7,July,Jul,2013-07,2,Wednesday,17,29,False,2014
2013-07-18,2013,3,Q3,7,July,Jul,2013-07,3,Thursday,18,29,False,2014
2013-07-19,2013,3,Q3,7,July,Jul,2013-07,4,Friday,19,29,False,2014
2013-07-20,2013,3,Q3,7,July,Jul,2013-07,5,Saturday,20,29,True,2014
2013-07-21,2013,3,Q3,7,July,Jul,2013-07,6,Sunday,21,29,True,2014
2013-07-22,2013,3,Q3,7,July,Jul,2013-07,0,Monday,22,30,False,2014
2013-07-23,2013,3,Q3,7,July,Jul,2013-07,1,Tuesday,23,30,False,2014
2013-07-24,2013,3,Q3,7,July,Jul,2013-07,2,Wednesday,24,30,False,2014
2013-07-25,2013,3,Q3,7,July,Jul,2013-07,3,Thursday,25,30,False,2014
2013-07-26,2013,3,Q3,7,July,Jul,2013-07,4,Friday,26,30,False,2014
2013-07-27,2013,3,Q3,7,July,Jul,2013-07,5,Saturday,27,30,True,2014
2013-07-28,2013,3,Q3,7,July,Jul,2013-07,6,Sunday,28,30,True,2014
2013-07-29,2013,3,Q3,7,July,Jul,2013-07,0,Monday,29,31,False,2014
2013-07-30,2013,3,Q3,7,July,Jul,2013-07,1,Tuesday,30,31,False,2014
2013-07-31,2013,3,Q3,7,July,Jul,2013-07,2,Wednesday,31,31,False,2014
2013-08-01,2013,3,Q3,8,August,Aug,2013-08,3,Thursday,1,31,False,2014
2013-08-02,2013,3,Q3,8,August,Aug,2013-08,4,Friday,2,31,False,2014
2013-08-03,2013,3,Q3,8,August,Aug,2013-08,5,Saturday,3,31,True,2014
2013-08-04,2013,3,Q3,8,August,Aug,2013-08,6,Sunday,4,31,True,2014
2013-08-05,2013,3,Q3,8,August,Aug,2013-08,0,Monday,5,32,False,2014
2013-08-06,2013,3,Q3,8,August,Aug,2013-08,1,Tuesday,6,32,False,2014
2013-08-07,2013,3,Q3,8,August,Aug,2013-08,2,Wednesday,7,32,False,2014
2013-08-08,2013,3,Q3,8,August,Aug,2013-08,3,Thursday,8,32,False,2014
2013-08-09,2013,3,Q3,8,August,Aug,2013-08,4,Friday,9,32,False,2014
2013-08-10,2013,3,Q3,8,August,Aug,2013-08,5,Saturday,10,32,True,2014
2013-08-11,2013,3,Q3,8,August,Aug,2013-08,6,Sunday,11,32,True,2014
2013-08-12,2013,3,Q3,8,August,Aug,2013-08,0,Monday,12,33,False,2014
2013-08-13,2013,3,Q3,8,August,Aug,2013-08,1,Tuesday,13,33,False,2014
2013-08-14,2013,3,Q3,8,August,Aug,2013-08,2,Wednesday,14,33,False,2014
2013-08-15,2013,3,Q3,8,August,Aug,2013-08,3,Thursday,15,33,False,2014
2013-08-16,2013,3,Q3,8,August,Aug,2013-08,4,Friday,16,33,False,2014
2013-08-17,2013,3,Q3,8,August,Aug,2013-08,5,Saturday,17,33,True,2014
2013-08-18,2013,3,Q3,8,August,Aug,2013-08,6,Sunday,18,33,True,2014
2013-08-19,2013,3,Q3,8,August,Aug,2013-08,0,Monday,19,34,False,2014
2013-08-20,2013,3,Q3,8,August,Aug,2013-08,1,Tuesday,20,34,False,2014
2013-08-21,2013,3,Q3,8,August,Aug,2013-08,2,Wednesday,21,34,False,2014
2013-08-22,2013,3,Q3,8,August,Aug,2013-08,3,Thursday,22,34,False,2014
2013-08-23,2013,3,Q3,8,August,Aug,2013-08,4,Friday,23,34,False,2014
2013-08-24,2013,3,Q3,8,August,Aug,2013-08,5,Saturday,24,34,True,2014
2013-08-25,2013,3,Q3,8,August,Aug,2013-08,6,Sunday,25,34,True,2014
2013-08-26,2013,3,Q3,8,August,Aug,2013-08,0,Monday,26,35,False,2014
2013-08-27,2013,3,Q3,8,August,Aug,2013-08,1,Tuesday,27,35,False,2014
2013-08-28,2013,3,Q3,8,August,Aug,2013-08,2,Wednesday,28,35,False,2014
2013-08-29,2013,3,Q3,8,August,Aug,2013-08,3,Thursday,29,35,False,2014
2013-08-30,2013,3,Q3,8,August,Aug,2013-08,4,Friday,30,35,False,2014
2013-08-31,2013,3,Q3,8,August,Aug,2013-08,5,Saturday,31,35,True,2014
2013-09-01,2013,3,Q3,9,September,Sep,2013-09,6,Sunday,1,35,True,2014
2013-09-02,2013,3,Q3,9,September,Sep,2013-09,0,Monday,2,36,False,2014
2013-09-03,2013,3,Q3,9,September,Sep,2013-09,1,Tuesday,3,36,False,2014
2013-09-04,2013,3,Q3,9,September,Sep,2013-09,2,Wednesday,4,36,False,2014
2013-09-05,2013,3,Q3,9,September,Sep,2013-09,3,Thursday,5,36,False,2014
2013-09-06,2013,3,Q3,9,September,Sep,2013-09,4,Friday,6,36,False,2014
2013-09-07,2013,3,Q3,9,September,Sep,2013-09,5,Saturday,7,36,True,2014
2013-09-08,2013,3,Q3,9,September,Sep,2013-09,6,Sunday,8,36,True,2014
2013-09-09,2013,3,Q3,9,September,Sep,2013-09,0,Monday,9,37,False,2014
2013-09-10,2013,3,Q3,9,September,Sep,2013-09,1,Tuesday,10,37,False,2014
2013-09-11,2013,3,Q3,9,September,Sep,2013-09,2,Wednesday,11,37,False,2014
2013-09-12,2013,3,Q3,9,September,Sep,2013-09,3,Thursday,12,37,False,2014
2013-09-13,2013,3,Q3,9,September,Sep,2013-09,4,Friday,13,37,False,2014
2013-09-14,2013,3,Q3,9,September,Sep,2013-09,5,Saturday,14,37,True,2014
2013-09-15,2013,3,Q3,9,September,Sep,2013-09,6,Sunday,15,37,True,2014
2013-09-16,2013,3,Q3,9,September,Sep,2013-09,0,Monday,16,38,False,2014
2013-09-17,2013,3,Q3,9,September,Sep,2013-09,1,Tuesday,17,38,False,2014
2013-09-18,2013,3,Q3,9,September,Sep,2013-09,2,Wednesday,18,38,False,2014
2013-09-19,2013,3,Q3,9,September,Sep,2013-09,3,Thursday,19,38,False,2014
2013-09-20,2013,3,Q3,9,September,Sep,2013-09,4,Friday,20,38,False,2014
2013-09-21,2013,3,Q3,9,September,Sep,2013-09,5,Saturday,21,38,True,2014
2013-09-22,2013,3,Q3,9,September,Sep,2013-09,6,Sunday,22,38,True,2014
2013-09-23,2013,3,Q3,9,September,Sep,2013-09,0,Monday,23,39,False,2014
2013-09-24,2013,3,Q3,9,September,Sep,2013-09,1,Tuesday,24,39,False,2014
2013-09-25,2013,3,Q3,9,September,Sep,2013-09,2,Wednesday,25,39,False,2014
2013-09-26,2013,3,Q3,9,September,Sep,2013-09,3,Thursday,26,39,False,2014
2013-09-27,2013,3,Q3,9,September,Sep,2013-09,4,Friday,27,39,False,2014
2013-09-28,2013,3,Q3,9,September,Sep,2013-09,5,Saturday,28,39,True,2014
2013-09-29,2013,3,Q3,9,September,Sep,2013-09,6,Sunday,29,39,True,2014
2013-09-30,2013,3,Q3,9,September,Sep,2013-09,0,Monday,30,40,False,2014
2013-10-01,2013,4,Q4,10,October,Oct,2013-10,1,Tuesday,1,40,False,2014
2013-10-02,2013,4,Q4,10,October,Oct,2013-10,2,Wednesday,2,40,False,2014
2013-10-03,2013,4,Q4,10,October,Oct,2013-10,3,Thursday,3,40,False,2014
2013-10-04,2013,4,Q4,10,October,Oct,2013-10,4,Friday,4,40,False,2014
2013-10-05,2013,4,Q4,10,October,Oct,2013-10,5,Saturday,5,40,True,2014
2013-10-06,2013,4,Q4,10,October,Oct,2013-10,6,Sunday,6,40,True,2014
2013-10-07,2013,4,Q4,10,October,Oct,2013-10,0,Monday,7,41,False,2014
2013-10-08,2013,4,Q4,10,October,Oct,2013-10,1,Tuesday,8,41,False,2014
2013-10-09,2013,4,Q4,10,October,Oct,2013-10,2,Wednesday,9,41,False,2014
2013-10-10,2013,4,Q4,10,October,Oct,2013-10,3,Thursday,10,41,False,2014
2013-10-11,2013,4,Q4,10,October,Oct,2013-10,4,Friday,11,41,False,2014
2013-10-12,2013,4,Q4,10,October,Oct,2013-10,5,Saturday,12,41,True,2014
2013-10-13,2013,4,Q4,10,October,Oct,2013-10,6,Sunday,13,41,True,2014
2013-10-14,2013,4,Q4,10,October,Oct,2013-10,0,Monday,14,42,False,2014
2013-10-15,2013,4,Q4,10,October,Oct,2013-10,1,Tuesday,15,42,False,2014
2013-10-16,2013,4,Q4,10,October,Oct,2013-10,2,Wednesday,16,42,False,2014
2013-10-17,2013,4,Q4,10,October,Oct,2013-10,3,Thursday,17,42,False,2014
2013-10-18,2013,4,Q4,10,October,Oct,2013-10,4,Friday,18,42,False,2014
2013-10-19,2013,4,Q4,10,October,Oct,2013-10,5,Saturday,19,42,True,2014
2013-10-20,2013,4,Q4,10,October,Oct,2013-10,6,Sunday,20,42,True,2014
2013-10-21,2013,4,Q4,10,October,Oct,2013-10,0,Monday,21,43,False,2014
2013-10-22,2013,4,Q4,10,October,Oct,2013-10,1,Tuesday,22,43,False,2014
2013-10-23,2013,4,Q4,10,October,Oct,2013-10,2,Wednesday,23,43,False,2014
2013-10-24,2013,4,Q4,10,October,Oct,2013-10,3,Thursday,24,43,False,2014
2013-10-25,2013,4,Q4,10,October,Oct,2013-10,4,Friday,25,43,False,2014
2013-10-26,2013,4,Q4,10,October,Oct,2013-10,5,Saturday,26,43,True,2014
2013-10-27,2013,4,Q4,10,October,Oct,2013-10,6,Sunday,27,43,True,2014
2013-10-28,2013,4,Q4,10,October,Oct,2013-10,0,Monday,28,44,False,2014
2013-10-29,2013,4,Q4,10,October,Oct,2013-10,1,Tuesday,29,44,False,2014
2013-10-30,2013,4,Q4,10,October,Oct,2013-10,2,Wednesday,30,44,False,2014
2013-10-31,2013,4,Q4,10,October,Oct,2013-10,3,Thursday,31,44,False,2014
2013-11-01,2013,4,Q4,11,November,Nov,2013-11,4,Friday,1,44,False,2014
2013-11-02,2013,4,Q4,11,November,Nov,2013-11,5,Saturday,2,44,True,2014
2013-11-03,2013,4,Q4,11,November,Nov,2013-11,6,Sunday,3,44,True,2014
2013-11-04,2013,4,Q4,11,November,Nov,2013-11,0,Monday,4,45,False,2014
2013-11-05,2013,4,Q4,11,November,Nov,2013-11,1,Tuesday,5,45,False,2014
2013-11-06,2013,4,Q4,11,November,Nov,2013-11,2,Wednesday,6,45,False,2014
2013-11-07,2013,4,Q4,11,November,Nov,2013-11,3,Thursday,7,45,False,2014
2013-11-08,2013,4,Q4,11,November,Nov,2013-11,4,Friday,8,45,False,2014
2013-11-09,2013,4,Q4,11,November,Nov,2013-11,5,Saturday,9,45,True,2014
2013-11-10,2013,4,Q4,11,November,Nov,2013-11,6,Sunday,10,45,True,2014
2013-11-11,2013,4,Q4,11,November,Nov,2013-11,0,Monday,11,46,False,2014
2013-11-12,2013,4,Q4,11,November,Nov,2013-11,1,Tuesday,12,46,False,2014
2013-11-13,2013,4,Q4,11,November,Nov,2013-11,2,Wednesday,13,46,False,2014
2013-11-14,2013,4,Q4,11,November,Nov,2013-11,3,Thursday,14,46,False,2014
2013-11-15,2013,4,Q4,11,November,Nov,2013-11,4,Friday,15,46,False,2014
2013-11-16,2013,4,Q4,11,November,Nov,2013-11,5,Saturday,16,46,True,2014
2013-11-17,2013,4,Q4,11,November,Nov,2013-11,6,Sunday,17,46,True,2014
2013-11-18,2013,4,Q4,11,November,Nov,2013-11,0,Monday,18,47,False,2014
2013-11-19,2013,4,Q4,11,November,Nov,2013-11,1,Tuesday,19,47,False,2014
2013-11-20,2013,4,Q4,11,November,Nov,2013-11,2,Wednesday,20,47,False,2014
2013-11-21,2013,4,Q4,11,November,Nov,2013-11,3,Thursday,21,47,False,2014
2013-11-22,2013,4,Q4,11,November,Nov,2013-11,4,Friday,22,47,False,2014
2013-11-23,2013,4,Q4,11,November,Nov,2013-11,5,Saturday,23,47,True,2014
2013-11-24,2013,4,Q4,11,November,Nov,2013-11,6,Sunday,24,47,True,2014
2013-11-25,2013,4,Q4,11,November,Nov,2013-11,0,Monday,25,48,False,2014
2013-11-26,2013,4,Q4,11,November,Nov,2013-11,1,Tuesday,26,48,False,2014
2013-11-27,2013,4,Q4,11,November,Nov,2013-11,2,Wednesday,27,48,False,2014
2013-11-28,2013,4,Q4,11,November,Nov,2013-11,3,Thursday,28,48,False,2014
2013-11-29,2013,4,Q4,11,November,Nov,2013-11,4,Friday,29,48,False,2014
2013-11-30,2013,4,Q4,11,November,Nov,2013-11,5,Saturday,30,48,True,2014
2013-12-01,2013,4,Q4,12,December,Dec,2013-12,6,Sunday,1,48,True,2014
2013-12-02,2013,4,Q4,12,December,Dec,2013-12,0,Monday,2,49,False,2014
2013-12-03,2013,4,Q4,12,December,Dec,2013-12,1,Tuesday,3,49,False,2014
2013-12-04,2013,4,Q4,12,December,Dec,2013-12,2,Wednesday,4,49,False,2014
2013-12-05,2013,4,Q4,12,December,Dec,2013-12,3,Thursday,5,49,False,2014
2013-12-06,2013,4,Q4,12,December,Dec,2013-12,4,Friday,6,49,False,2014
2013-12-07,2013,4,Q4,12,December,Dec,2013-12,5,Saturday,7,49,True,2014
2013-12-08,2013,4,Q4,12,December,Dec,2013-12,6,Sunday,8,49,True,2014
2013-12-09,2013,4,Q4,12,December,Dec,2013-12,0,Monday,9,50,False,2014
2013-12-10,2013,4,Q4,12,December,Dec,2013-12,1,Tuesday,10,50,False,2014
2013-12-11,2013,4,Q4,12,December,Dec,2013-12,2,Wednesday,11,50,False,2014
2013-12-12,2013,4,Q4,12,December,Dec,2013-12,3,Thursday,12,50,False,2014
2013-12-13,2013,4,Q4,12,December,Dec,2013-12,4,Friday,13,50,False,2014
2013-12-14,2013,4,Q4,12,December,Dec,2013-12,5,Saturday,14,50,True,2014
2013-12-15,2013,4,Q4,12,December,Dec,2013-12,6,Sunday,15,50,True,2014
2013-12-16,2013,4,Q4,12,December,Dec,2013-12,0,Monday,16,51,False,2014
2013-12-17,2013,4,Q4,12,December,Dec,2013-12,1,Tuesday,17,51,False,2014
2013-12-18,2013,4,Q4,12,December,Dec,2013-12,2,Wednesday,18,51,False,2014
2013-12-19,2013,4,Q4,12,December,Dec,2013-12,3,Thursday,19,51,False,2014
2013-12-20,2013,4,Q4,12,December,Dec,2013-12,4,Friday,20,51,False,2014
2013-12-21,2013,4,Q4,12,December,Dec,2013-12,5,Saturday,21,51,True,2014
2013-12-22,2013,4,Q4,12,December,Dec,2013-12,6,Sunday,22,51,True,2014
2013-12-23,2013,4,Q4,12,December,Dec,2013-12,0,Monday,23,52,False,2014
2013-12-24,2013,4,Q4,12,December,Dec,2013-12,1,Tuesday,24,52,False,2014
2013-12-25,2013,4,Q4,12,December,Dec,2013-12,2,Wednesday,25,52,False,2014
2013-12-26,2013,4,Q4,12,December,Dec,2013-12,3,Thursday,26,52,False,2014
2013-12-27,2013,4,Q4,12,December,Dec,2013-12,4,Friday,27,52,False,2014
2013-12-28,2013,4,Q4,12,December,Dec,2013-12,5,Saturday,28,52,True,2014
2013-12-29,2013,4,Q4,12,December,Dec,2013-12,6,Sunday,29,52,True,2014
2013-12-30,2013,4,Q4,12,December,Dec,2013-12,0,Monday,30,1,False,2014
2013-12-31,2013,4,Q4,12,December,Dec,2013-12,1,Tuesday,31,1,False,2014
2014-01-01,2014,1,Q1,1,January,Jan,2014-01,2,Wednesday,1,1,False,2014
2014-01-02,2014,1,Q1,1,January,Jan,2014-01,3,Thursday,2,1,False,2014
2014-01-03,2014,1,Q1,1,January,Jan,2014-01,4,Friday,3,1,False,2014
2014-01-04,2014,1,Q1,1,January,Jan,2014-01,5,Saturday,4,1,True,2014
2014-01-05,2014,1,Q1,1,January,Jan,2014-01,6,Sunday,5,1,True,2014
2014-01-06,2014,1,Q1,1,January,Jan,2014-01,0,Monday,6,2,False,2014
2014-01-07,2014,1,Q1,1,January,Jan,2014-01,1,Tuesday,7,2,False,2014
2014-01-08,2014,1,Q1,1,January,Jan,2014-01,2,Wednesday,8,2,False,2014
2014-01-09,2014,1,Q1,1,January,Jan,2014-01,3,Thursday,9,2,False,2014
2014-01-10,2014,1,Q1,1,January,Jan,2014-01,4,Friday,10,2,False,2014
2014-01-11,2014,1,Q1,1,January,Jan,2014-01,5,Saturday,11,2,True,2014
2014-01-12,2014,1,Q1,1,January,Jan,2014-01,6,Sunday,12,2,True,2014
2014-01-13,2014,1,Q1,1,January,Jan,2014-01,0,Monday,13,3,False,2014
2014-01-14,2014,1,Q1,1,January,Jan,2014-01,1,Tuesday,14,3,False,2014
2014-01-15,2014,1,Q1,1,January,Jan,2014-01,2,Wednesday,15,3,False,2014
2014-01-16,2014,1,Q1,1,January,Jan,2014-01,3,Thursday,16,3,False,2014
2014-01-17,2014,1,Q1,1,January,Jan,2014-01,4,Friday,17,3,False,2014
2014-01-18,2014,1,Q1,1,January,Jan,2014-01,5,Saturday,18,3,True,2014
2014-01-19,2014,1,Q1,1,January,Jan,2014-01,6,Sunday,19,3,True,2014
2014-01-20,2014,1,Q1,1,January,Jan,2014-01,0,Monday,20,4,False,2014
2014-01-21,2014,1,Q1,1,January,Jan,2014-01,1,Tuesday,21,4,False,2014
2014-01-22,2014,1,Q1,1,January,Jan,2014-01,2,Wednesday,22,4,False,2014
2014-01-23,2014,1,Q1,1,January,Jan,2014-01,3,Thursday,23,4,False,2014
2014-01-24,2014,1,Q1,1,January,Jan,2014-01,4,Friday,24,4,False,2014
2014-01-25,2014,1,Q1,1,January,Jan,2014-01,5,Saturday,25,4,True,2014
2014-01-26,2014,1,Q1,1,January,Jan,2014-01,6,Sunday,26,4,True,2014
2014-01-27,2014,1,Q1,1,January,Jan,2014-01,0,Monday,27,5,False,2014
2014-01-28,2014,1,Q1,1,January,Jan,2014-01,1,Tuesday,28,5,False,2014
